mean_ace,min_ace,max_ace,ace_heterogeneity,mean_std_ace
NA,NA,NA,NA,NA
0.0036829389896136057,0.003335546195617132,0.004204894424294905,2.845720169392314e-4,0.04507984101017264
NA,NA,NA,NA,NA
0.0030614650046907896,0.002796930681966562,0.0035581818974657056,2.448634475716054e-4,0.03896957288834745
NA,NA,NA,NA,NA
0.0028089079836563723,0.002628055808956223,0.0029661011058502826,1.1634129471236931e-4,0.036690868190142126
NA,NA,NA,NA,NA
NA,NA,NA,NA,NA
NA,NA,NA,NA,NA
NA,NA,NA,NA,NA
NA,NA,NA,NA,NA
NA,NA,NA,NA,NA
0.002878685984419935,0.002598172273483792,0.0031636057715260036,2.372246428472299e-4,0.03662355052764602
NA,NA,NA,NA,NA
NA,NA,NA,NA,NA
NA,NA,NA,NA,NA
0.0033406832635577773,0.0030349610637615656,0.0036516951401108118,2.025639036779219e-4,0.04219849073258145
0.004066058922160782,0.003785217051731762,0.004460209779149364,2.4028001083869704e-4,0.05102685879059814
0.0023003209308758675,0.002060523787540714,0.00249622345676616,1.8005980583271218e-4,0.029268933648906603
0.0031569567251183745,0.002862579159632237,0.003669034563277453,2.6284032482828555e-4,0.04057882963445379
NA,NA,NA,NA,NA
0.003478841800263262,0.003127078344718046,0.0039162219203843825,2.537316098017917e-4,0.04502812156130053
NA,NA,NA,NA,NA
NA,NA,NA,NA,NA
NA,NA,NA,NA,NA
NA,NA,NA,NA,NA
0.002462062787758546,0.0022653848027085755,0.0026820274917599167,1.5522555865889716e-4,0.030927548535756518
0.0031519035020202315,0.0029032473430258957,0.0035825562847306572,2.470189811154898e-4,0.03988091473206215
NA,NA,NA,NA,NA
0.0020228788912497,0.00180372587088889,0.0022656506913882124,1.66309225277458e-4,0.026220491072418972
0.00313960136942585,0.0028775259866584135,0.003695051638511327,2.8088919652312485e-4,0.03967774988214941
0.003270403530713048,0.0029181940919619986,0.00357940704396283,2.6005199142132803e-4,0.04239775597078581
NA,NA,NA,NA,NA
0.003417780330271057,0.003038918327182235,0.00380333110420165,2.7904265213197745e-4,0.044560997441716314
NA,NA,NA,NA,NA
NA,NA,NA,NA,NA
0.0035563485443419504,0.0031857369380023904,0.003948870258070826,3.10251701365983e-4,0.04507067526070957
0.0037319611051225632,0.003410485257156694,0.004195066941899168,2.675302374337925e-4,0.0483342096991304
0.003655865545759338,0.0033894467163894833,0.004013052401663331,2.1699080447288555e-4,0.047441210512134485
0.004100949550154584,0.0036574574463328745,0.004581516100012305,3.4142626808629425e-4,0.05206178504726409
NA,NA,NA,NA,NA
0.0035898486967829196,0.003250453922208281,0.003975894235028192,2.5699095517986925e-4,0.04390904925798189
0.00488062875344511,0.004374492138520569,0.005482478287360008,3.7174938138326475e-4,0.06063538015488269
NA,NA,NA,NA,NA
0.003928528317129324,0.0036145012898473705,0.004161102112085192,1.7918670088462065e-4,0.04990732662944634
NA,NA,NA,NA,NA
NA,NA,NA,NA,NA
0.002382992822163763,0.0020658254945927356,0.0026899022360171677,2.568839308408533e-4,0.03031293218540921
0.003220112421620507,0.0029125201504348872,0.003479100682739803,2.206124222901982e-4,0.04138618533513973
0.003333972204715587,0.003164569077760354,0.0037255717941688275,1.8328253097612193e-4,0.04623503122562308
0.003991129623609234,0.0036369829416924844,0.0044622036070219116,2.639964480093397e-4,0.04940559187563996
0.0038263626167786384,0.003469498718884457,0.0042606689640212,3.16283513275555e-4,0.04884670151604353
0.001683486991833077,0.001544009974004004,0.0019947066898690067,1.6351886132744784e-4,0.021768562256727995
0.004436362046609581,0.004088295192765691,0.004921729394285265,2.776295878179138e-4,0.05726410403364161
NA,NA,NA,NA,NA
NA,NA,NA,NA,NA
NA,NA,NA,NA,NA
NA,NA,NA,NA,NA
NA,NA,NA,NA,NA
0.003425449480267303,0.003087599174422322,0.0037723877673050987,2.4903445915761837e-4,0.04333310100539413
NA,NA,NA,NA,NA
0.003542527166681199,0.003091671132100589,0.003976137068643074,3.5173940265507644e-4,0.045693478214184985
0.003587311204551129,0.0033118080168146307,0.003866774541468277,2.0153858248994516e-4,0.04740339991348962
0.004063345313714547,0.0036620248607475334,0.004597558103089925,3.3987796534420717e-4,0.04941990565699346
0.003849109763896926,0.0035243082817013873,0.004495900997265023,3.329965291948782e-4,0.04923819956221915
NA,NA,NA,NA,NA
NA,NA,NA,NA,NA
0.002761985047440105,0.0025189975185230047,0.0031437353090872735,2.2535590050676402e-4,0.03655358277986154
0.0027812035383588426,0.0024267053036416794,0.0030661431763149218,2.2872194489908105e-4,0.034941548862999196
0.004498560443220791,0.004191071690715939,0.005137369938837788,3.4529583199917617e-4,0.05687866844831786
NA,NA,NA,NA,NA
0.004415140376399673,0.004048466891746794,0.0047185182763880024,2.4671589420663376e-4,0.055100634039436346
0.0033972751312350926,0.003121045072947776,0.0037898028197019948,2.4921362575298055e-4,0.04291140372723468
NA,NA,NA,NA,NA
0.003547332167751871,0.0031969379613503626,0.003889011897063112,2.703213837659465e-4,0.044321376126977556
0.002987194869419533,0.002692584726444737,0.0032894911278728515,2.2971058071541718e-4,0.038106783005884895
NA,NA,NA,NA,NA
NA,NA,NA,NA,NA
NA,NA,NA,NA,NA
0.004393812394903589,0.004026439973910438,0.004890302252076941,2.841916535884673e-4,0.056324145122837746
NA,NA,NA,NA,NA
NA,NA,NA,NA,NA
0.0028828357061573538,0.00262324768548813,0.0031804657044542935,2.0436708009851748e-4,0.03628384723552267
0.0034787122011232553,0.003106669834771211,0.003847288683928473,2.782533654827964e-4,0.04608741697027471
NA,NA,NA,NA,NA
NA,NA,NA,NA,NA
NA,NA,NA,NA,NA
0.004107365457268936,0.003784211509187855,0.00434176001040208,2.0040028538696262e-4,0.05196850074250171
NA,NA,NA,NA,NA
0.0027674477037413735,0.0024024435526229047,0.0031000222934498014,2.8383048720663533e-4,0.034105877491443545
0.0015468211383061837,0.0013527730327101278,0.0017751044994541326,1.6092228696653758e-4,0.019870160152416935
NA,NA,NA,NA,NA
0.0032035127683815363,0.0029108456206077644,0.0037690951596604195,3.0155814095794383e-4,0.039416855960144465
NA,NA,NA,NA,NA
0.002929102072908964,0.0026995668144628583,0.003253869208606928,1.7125793924556857e-4,0.03816466071940697
0.002723346084325107,0.002473577836490465,0.003164527935017345,2.6608236663928827e-4,0.03498016972405454
9.366821193941161e-4,8.578496447469414e-4,0.0010617940173175142,7.700972609463225e-5,0.011853189777784207
NA,NA,NA,NA,NA
NA,NA,NA,NA,NA
NA,NA,NA,NA,NA
0.0031281375039694565,0.0028691806947654503,0.003509580996880645,2.4428896289507596e-4,0.039892994598393
NA,NA,NA,NA,NA
0.003709779505722243,0.0033822266620765567,0.004140959239457512,2.7322904659947037e-4,0.04844496601836909
0.0023066782421882178,0.002159545396189177,0.0025400228269943565,1.3154750048504675e-4,0.030615693788652715
0.00321882093253208,0.0028678785835341185,0.0037560506383101343,3.282788432767065e-4,0.04170190373338774
NA,NA,NA,NA,NA
NA,NA,NA,NA,NA
0.0027732368139069662,0.0025145293054479505,0.0031114593801514863,2.1677950142694316e-4,0.03647991130165408
0.002648417971252901,0.002390025820681208,0.002964930941925218,2.1693970208013985e-4,0.03389803681908914
0.002005697117825682,0.0018430155696170102,0.002345366769684631,1.8832117659765485e-4,0.02569244082536706
NA,NA,NA,NA,NA
0.003065000671182114,0.0028247905876359856,0.0032542974580208714,1.4683048288993396e-4,0.040008310598899595
0.002745047807075743,0.0025212494261387212,0.002986931397405005,1.7621478618481674e-4,0.03617221309072707
0.0036985975387655687,0.0033594175371709093,0.004139755232158986,2.6742371698898455e-4,0.046884268509663755
0.0038503073363768017,0.0034101897802017484,0.004361467262872658,3.4122088039175596e-4,0.05072475733272716
0.003730376874634626,0.003338784100640252,0.004059803870584651,2.9879217527660024e-4,0.04673875934355797
0.0044963627945415925,0.0041405607433473105,0.004729168125148638,1.8775818044703739e-4,0.05709375333801025
0.002684537833458707,0.0025105421165410747,0.0028925740078810836,1.4012780364384514e-4,0.03405727126769299
NA,NA,NA,NA,NA
0.0039085059299753915,0.0036096089782287314,0.004263995647251952,2.1171247564532138e-4,0.051586097510001226
0.003775728852829126,0.0034602112856102164,0.004264834811422973,2.7503865050205204e-4,0.04651397099519166
0.0020861660968610803,0.001951157176102106,0.0022567517506689367,1.1363660114195691e-4,0.02768127050931936
NA,NA,NA,NA,NA
0.0031643559903955115,0.0028716176473294447,0.0036325827754162855,2.6025213079457655e-4,0.04212841691161869
0.0032342236083825666,0.0028868814107607835,0.003616402714778976,2.9327206412836735e-4,0.04071263801431247
NA,NA,NA,NA,NA
0.004365678221424481,0.0038787037034704614,0.004998930587923768,3.8074984950428354e-4,0.05458299252912514
0.003321593977864235,0.003109666853266057,0.00376532785890415,2.2723388423852173e-4,0.04280056414756878
NA,NA,NA,NA,NA
0.0030810786457781915,0.0028342600880011636,0.00333932888716001,1.7593912684820236e-4,0.04067102536310567
0.003461455844291032,0.0031030812723015465,0.003920105132437119,3.072688920837563e-4,0.04251877207080816
0.004224789471780623,0.003793633406440534,0.004781008086847774,3.333415915797236e-4,0.052728467429489057
0.002348226905180951,0.0021550899387954535,0.0026542560857350087,1.750971777542093e-4,0.03004181282888436
NA,NA,NA,NA,NA
0.003957156302811701,0.0035168336008415723,0.004313946301841774,2.9724341759818936e-4,0.05016974213712827
0.0026076089178631626,0.0023440198972437217,0.0031075366857418432,2.6320288608056984e-4,0.03307187802638229
NA,NA,NA,NA,NA
0.002789040665281601,0.0025089076280634713,0.0031183773685401184,2.2448460494680527e-4,0.03550910010659045
NA,NA,NA,NA,NA
0.003974900562812368,0.003652484306703152,0.004418132099680161,2.523074676721281e-4,0.05071231219346289
0.003672744355955816,0.0034914694399407332,0.004170740254438496,2.1071721788316712e-4,0.04762396415747753
0.002737687706218539,0.0025370820513673765,0.0029510703661264725,1.4544519987342704e-4,0.035801345449039096
0.003538287357998624,0.003269111757567783,0.0037585754249529315,1.6319147663303965e-4,0.045799765825829314
NA,NA,NA,NA,NA
NA,NA,NA,NA,NA
0.0042349913725904555,0.0038570980472399296,0.004635921877296727,3.2323552829838866e-4,0.05226944721388076
0.0025667593743253342,0.0023999416015141667,0.00281358647570105,1.4045940053794754e-4,0.03212618058176709
0.004151665073682937,0.0037045039862461894,0.004570769505821121,3.3411862786859067e-4,0.05097901939053881
NA,NA,NA,NA,NA
NA,NA,NA,NA,NA
0.0017784993800920813,0.001563969403571783,0.0019744638019392234,1.5724857089121358e-4,0.02323971928200379
NA,NA,NA,NA,NA
0.0036501536077854957,0.0033134905313255887,0.0040007901794483075,2.8122509916462396e-4,0.04515652040560361
0.0046755405410215745,0.004272559937292696,0.005221040398415416,3.3073954805145093e-4,0.05925708937282688
0.00348831199104019,0.003209522931618614,0.0038323241846162895,2.13335732782592e-4,0.045071613215654595
0.00251350150353785,0.0022757456088998095,0.0028728253898498567,2.0219655724122576e-4,0.03350421192658166
0.0025888154907063336,0.0024200369279350153,0.0030224311944613063,2.2474725358232343e-4,0.03320016674510714
0.002615415345803235,0.002365574543038469,0.003125772219377363,2.688212746524546e-4,0.03369274940769486
NA,NA,NA,NA,NA
0.0022502874346321026,0.002071862082565042,0.0026527652489212778,1.9722700526300657e-4,0.02787845374882969
NA,NA,NA,NA,NA
0.004635295211437574,0.0042864184169607925,0.004926442540192823,2.168852728549094e-4,0.05840891181660296
0.003699487690406556,0.0034607497350532105,0.004111113328224961,2.3441987084413281e-4,0.049791920935726104
0.0023652056686742085,0.0021332297769610575,0.0026291972198761427,2.032662676729283e-4,0.029861331806473913
NA,NA,NA,NA,NA
NA,NA,NA,NA,NA
0.0029307956736199206,0.0027678379298887216,0.003226413952604926,1.6036931751787166e-4,0.037541246412868726
0.0035837035406234828,0.0032986139993914816,0.003867052121079023,2.156899112617197e-4,0.04688926923853325
0.0032398583847985584,0.002898998331485354,0.003527987412965747,2.631091218154216e-4,0.042079770873027125
0.0023060026947217403,0.0021303039759832426,0.0025135633456575862,1.522134633150639e-4,0.030035487460681628
NA,NA,NA,NA,NA
NA,NA,NA,NA,NA
NA,NA,NA,NA,NA
0.003253770071735534,0.002932690481636342,0.0037102669354420886,2.762927725729696e-4,0.040832958270709076
0.002837093516280808,0.0026030256802153885,0.0031795038788058334,1.819415451959756e-4,0.03527345166368242
NA,NA,NA,NA,NA
NA,NA,NA,NA,NA
NA,NA,NA,NA,NA
0.0047601189221195455,0.004372670200242002,0.005015333289131136,2.112985721997717e-4,0.060336162908469514
NA,NA,NA,NA,NA
0.002972411893189453,0.0027390303300081583,0.0032163080205856428,1.660796650483244e-4,0.03989770741732651
NA,NA,NA,NA,NA
0.003805358257712329,0.0035305257397147015,0.004034358172730168,1.9457967374846108e-4,0.05027452225294584
NA,NA,NA,NA,NA
0.003397329217662869,0.0031718858012428643,0.003618869136973523,1.6757084180735914e-4,0.04441726070579701
0.003678162720451029,0.003391864908709274,0.00400936607164123,2.0022160163602127e-4,0.04638793211193473
0.0017662905188900175,0.0015932559281036042,0.0019965984572932957,1.3659326061955993e-4,0.022855918750775618
0.003486049946832148,0.003271126451955641,0.003719423251020279,1.435187835820667e-4,0.04418682473630441
NA,NA,NA,NA,NA
NA,NA,NA,NA,NA
0.0033378331224273665,0.003038000438252858,0.003631489162078106,2.2797428552841993e-4,0.042480666754835604
0.0023631042400959704,0.0021038422846939337,0.002753083148558932,2.3821587722278783e-4,0.02945138996810396
0.0032700688823355814,0.002994088853963119,0.0035824630799996845,2.314770181571072e-4,0.04141194384194334
0.004596401740844768,0.00423057999099958,0.00511616881278784,2.8912863284081164e-4,0.05737075876605431
NA,NA,NA,NA,NA
NA,NA,NA,NA,NA
0.0026099165816120826,0.0024097336336082343,0.002872396662618978,1.5544529519359243e-4,0.0357313835284813
NA,NA,NA,NA,NA
NA,NA,NA,NA,NA
NA,NA,NA,NA,NA
NA,NA,NA,NA,NA
0.0011437723648006798,0.0010382980944415477,0.0013396203809017068,1.0564551502215625e-4,0.014907189324349018
NA,NA,NA,NA,NA
NA,NA,NA,NA,NA
NA,NA,NA,NA,NA
0.003857806151947582,0.003578682472463789,0.004323450402900142,2.650078344322329e-4,0.04886212514652548
0.004106104787296799,0.0039292520144214695,0.004318111999109237,1.5325218477178768e-4,0.053819147761117916
0.0031641270735450586,0.0028365886651453816,0.0035023299391843447,2.552887646016368e-4,0.04278959450269533
NA,NA,NA,NA,NA
0.002671709226175721,0.0023983971907151386,0.0029455877173999176,2.2818825814729493e-4,0.03450976526479535
NA,NA,NA,NA,NA
0.004392963957447212,0.004059745491202457,0.004929640190482501,3.140213452676031e-4,0.0542115813563872
NA,NA,NA,NA,NA
0.0029261777018185406,0.00270678893726613,0.0032378156468582443,1.9842488711275074e-4,0.037859704533901944
0.0018847562090538099,0.001744554668169895,0.002028201182849061,1.1064560992565315e-4,0.02451217636088849
0.003853071091215429,0.0034478752441333247,0.004338891177536734,3.25983421966059e-4,0.049491814950944756
NA,NA,NA,NA,NA
NA,NA,NA,NA,NA
NA,NA,NA,NA,NA
0.0015983871124529757,0.001408599741430559,0.0018542405967380059,1.6076281991527446e-4,0.020520157191532894
NA,NA,NA,NA,NA
0.0019545474558384586,0.0018391280314300708,0.0021628373337767666,1.180355964929553e-4,0.02539544196721457
NA,NA,NA,NA,NA
0.003375018603545224,0.003037536953286697,0.003743096646699579,2.448032568749648e-4,0.042486968828283705
0.0034255047336387836,0.0031653720669675024,0.003775918723790556,2.1883389180171316e-4,0.04246888531210906
0.004192956492407983,0.0038538699844271234,0.004643997441552154,2.945055773128546e-4,0.0544042134081024
NA,NA,NA,NA,NA
NA,NA,NA,NA,NA
NA,NA,NA,NA,NA
0.0035766239917084785,0.0033445796975691494,0.003873936007895362,1.7703221491396925e-4,0.0468757885080552
0.001813159606752011,0.0016471726324932055,0.0019616883454192935,1.120119159209925e-4,0.02388878811401484
NA,NA,NA,NA,NA
NA,NA,NA,NA,NA
NA,NA,NA,NA,NA
0.0026136815044864132,0.0024358402380880648,0.0027692581150934206,1.0637514503651078e-4,0.03427657286627697
NA,NA,NA,NA,NA
NA,NA,NA,NA,NA
0.0025198420948168284,0.0022853452254104497,0.002833383530929246,1.9877747849690003e-4,0.033137970615590054
0.00396959233357472,0.0035861551005138144,0.004548661870611589,3.444444862238915e-4,0.049334697566535184
NA,NA,NA,NA,NA
0.003483126712865037,0.0032010392440822684,0.0037141953683869945,2.051439914110295e-4,0.043861307154126776
0.0027031002881695997,0.0023809700473660217,0.0030428986000451555,2.558054314822864e-4,0.034590129323149754
NA,NA,NA,NA,NA
0.003433662392754202,0.0031421367899557152,0.00369595280021669,1.9798530692768498e-4,0.043293470520361074
0.001965051411568231,0.0017745098177085143,0.002115762972990072,1.2617692448237933e-4,0.02577715825445363
NA,NA,NA,NA,NA
0.003665312708877352,0.0033370286608587364,0.004096272932167704,2.8636368200501185e-4,0.04724120087862453
NA,NA,NA,NA,NA
NA,NA,NA,NA,NA
NA,NA,NA,NA,NA
NA,NA,NA,NA,NA
0.0037919634885566983,0.003455304433734878,0.004081676485277939,2.421622153216145e-4,0.04703289830135378
NA,NA,NA,NA,NA
0.0023577082911340756,0.002071470512283122,0.002789410545858541,2.6155353514960495e-4,0.03079289181568979
0.003830253491995156,0.0035007024281335304,0.004344021576893797,3.009834464417908e-4,0.04755664693304883
0.002575134842847211,0.002398051150183091,0.0028066948144605443,1.5603325440110506e-4,0.03290507381293638
0.0034908742579404495,0.0030937667433117277,0.0038450264995095636,2.8829923322312565e-4,0.045044322891278916
NA,NA,NA,NA,NA
NA,NA,NA,NA,NA
NA,NA,NA,NA,NA
0.003792338427377434,0.003406625273831667,0.004340727601443199,3.168112752483366e-4,0.04893961160211733
NA,NA,NA,NA,NA
NA,NA,NA,NA,NA
NA,NA,NA,NA,NA
0.0022282560107179028,0.0019748278943996496,0.0024901972542459875,1.9543034400256e-4,0.02880969109039155
NA,NA,NA,NA,NA
0.0028622866115788205,0.0025735909180556868,0.0031829287730956728,2.4575627648629824e-4,0.035640295756703355
NA,NA,NA,NA,NA
NA,NA,NA,NA,NA
NA,NA,NA,NA,NA
NA,NA,NA,NA,NA
NA,NA,NA,NA,NA
0.003040524579576078,0.0027447718083989927,0.003543615788335726,2.8487674773866947e-4,0.04001140704411344
0.003274280064446567,0.003014779240649446,0.0037490816729909104,2.6124282140132013e-4,0.042574462690177825
0.003242131530649837,0.0029754134167843172,0.0037552110633674693,2.5971020514095264e-4,0.04037716392864314
0.0035155571635728344,0.0032691387235758975,0.004030740048817129,2.808155072716325e-4,0.044283940513114
0.0025024074568854274,0.002198802571885756,0.0027450575361323308,2.321750330955729e-4,0.031756511162508716
NA,NA,NA,NA,NA
0.003461585870467958,0.0031289162553753205,0.003934754219919246,2.793695018886264e-4,0.042898626873694994
0.0027916661735283665,0.002509783652705517,0.0030578046943908624,2.1747054446472527e-4,0.036174089653769205
NA,NA,NA,NA,NA
0.0035770912571612863,0.0032846628359967486,0.003945004042334533,2.1927734963470602e-4,0.044826119078382035
0.0032255003784257275,0.002968934377766495,0.003579806231133078,2.006316310763676e-4,0.04131918725295092
0.0036409384197052257,0.0031836067939599623,0.004076143032343792,3.4547272931733514e-4,0.04703375308284796
NA,NA,NA,NA,NA
0.0024579250568886393,0.00228923581115791,0.0026569061542933503,1.3439193208168146e-4,0.03165609819975295
0.0019713176327119898,0.0017979069448980907,0.0022814260599369044,1.8712580117028878e-4,0.024743308166275443
0.004657351541229886,0.004185702018560228,0.004992442259173678,2.4079273654756554e-4,0.05900633534809286
NA,NA,NA,NA,NA
NA,NA,NA,NA,NA
0.0031826451428849135,0.0029745746885522025,0.003584747346458901,2.4436423694172775e-4,0.04059512218502914
NA,NA,NA,NA,NA
NA,NA,NA,NA,NA
NA,NA,NA,NA,NA
NA,NA,NA,NA,NA
NA,NA,NA,NA,NA
0.0010430232311180192,9.198688772341613e-4,0.0012038867792538602,9.901668470675622e-5,0.013976726966417908
0.0028951432759162397,0.0026520645643383443,0.003286999517388611,2.164347326918783e-4,0.03775904706873624
0.002663090592442376,0.0024347235814588222,0.002994895211698759,2.0576798882685502e-4,0.03460225003993317
NA,NA,NA,NA,NA
0.0042277619684424304,0.0038688733058762485,0.004716295188569908,2.6367706565762455e-4,0.05365551990851994
NA,NA,NA,NA,NA
NA,NA,NA,NA,NA
NA,NA,NA,NA,NA
0.0035620941232462067,0.0032735798710694375,0.0038381420931851533,2.078782343788125e-4,0.04554552473915534
NA,NA,NA,NA,NA
0.0029860982490710875,0.0027734078619379558,0.00336442731939925,1.933337820022465e-4,0.03915470729721141
NA,NA,NA,NA,NA
NA,NA,NA,NA,NA
NA,NA,NA,NA,NA
0.0033918931192144816,0.003046206475510955,0.0039043287043911876,2.8705052391791563e-4,0.04245696956643163
NA,NA,NA,NA,NA
0.004552430055607614,0.00413350227667528,0.00491556330696359,2.861127229216035e-4,0.05596465818620974
0.0030904150437608435,0.0027211629984007515,0.0034391745754742513,2.9510812147931953e-4,0.038726611673068456
NA,NA,NA,NA,NA
0.0028167594620723962,0.002581080149685754,0.003276482476596901,2.6620451923430277e-4,0.03559212470415271
NA,NA,NA,NA,NA
0.003794973096673106,0.003493695151978201,0.004433598956001143,2.928044550468015e-4,0.04786435772224512
0.002351613475684816,0.0021597551757674516,0.0026693815938780238,1.5975023721520522e-4,0.03043710140954723
0.003104224712503026,0.002731954696976771,0.003426864694464101,2.770585847298192e-4,0.04048823669155968
0.0034127732389181483,0.0031145709023251067,0.003816751004571684,2.385863560208105e-4,0.04396515551962178
NA,NA,NA,NA,NA
NA,NA,NA,NA,NA
0.0025802528232170044,0.0023556619667052504,0.002835723342944159,1.9310830523491552e-4,0.03352551760865734
0.0037315951477733425,0.0032570782366099092,0.004294905120585797,3.524914730099015e-4,0.04733794554211481
NA,NA,NA,NA,NA
NA,NA,NA,NA,NA
NA,NA,NA,NA,NA
0.0035288026453436988,0.0030984092585638646,0.003993634024992466,3.3031426823941517e-4,0.04329910482753058
0.0039055860883849863,0.0035660842126944738,0.0041481348921131814,1.9913932274509975e-4,0.04988840058356627
NA,NA,NA,NA,NA
0.0022745497252236895,0.002043026352176718,0.0024828775266545313,1.6573857349879678e-4,0.030090417486770025
NA,NA,NA,NA,NA
NA,NA,NA,NA,NA
NA,NA,NA,NA,NA
0.0025833907714134558,0.0023765172393132674,0.0029155649360410782,1.9250602119528365e-4,0.03347378633674725
NA,NA,NA,NA,NA
0.003815589051772387,0.003482068473393081,0.004127758694953439,2.1775791928295616e-4,0.04957964556145654
NA,NA,NA,NA,NA
0.002761184754006622,0.0025072469413290315,0.003074814780189729,2.0586360242320266e-4,0.037213681441029836
NA,NA,NA,NA,NA
0.0012825605258470548,0.0011388035682215155,0.001478950886148796,1.1989501931316344e-4,0.01618153958951199
0.0029237549295672207,0.00269341701758612,0.0033778504587772644,2.462076634691549e-4,0.03716875689004681
0.003579055782592054,0.0033615144724923464,0.003940468068286973,1.7972484911200174e-4,0.04507692685408242
NA,NA,NA,NA,NA
0.0029545067002677548,0.002651795169957794,0.003235090951090425,2.40500001233584e-4,0.03943436982637384
NA,NA,NA,NA,NA
NA,NA,NA,NA,NA
0.0031417366079201986,0.0027371506985185813,0.003532054980175208,3.223173753577479e-4,0.04059689988166659
0.003042660493849579,0.002689981336866801,0.0035035118761712896,3.117673669020672e-4,0.03757536121341263
NA,NA,NA,NA,NA
NA,NA,NA,NA,NA
NA,NA,NA,NA,NA
NA,NA,NA,NA,NA
NA,NA,NA,NA,NA
NA,NA,NA,NA,NA
0.002436201621356487,0.002166404104320463,0.00270466203633536,2.1727495521961157e-4,0.03085640978112674
0.003249681247958882,0.002991892060380415,0.0037412099936684463,2.655668320637929e-4,0.041726713453571776
NA,NA,NA,NA,NA
0.002962598199702825,0.002659736880703966,0.0032767845000224866,2.4403578005677433e-4,0.03802871453920803
0.0041630068369828445,0.00389668141528338,0.0047886917632498464,3.0443153947755814e-4,0.056275411867499174
0.0032730834579533276,0.003034779081427405,0.003804133858434994,2.647448756517904e-4,0.040802140776657114
0.003889041289165434,0.003485704055110491,0.0041720579289215,2.2420763368711326e-4,0.047992397984309855
NA,NA,NA,NA,NA
NA,NA,NA,NA,NA
NA,NA,NA,NA,NA
NA,NA,NA,NA,NA
NA,NA,NA,NA,NA
0.003239040640116793,0.002966840124680998,0.003559462142454833,2.2490909842526945e-4,0.042510317173272576
NA,NA,NA,NA,NA
9.8634038926782e-4,8.845110052861426e-4,0.0011983777880266266,1.0721471745856431e-4,0.012463212206486628
0.0030292295063176085,0.002833813783787743,0.00345181933325554,2.223355749042183e-4,0.0393952220709867
0.00451961643703604,0.004017563416629351,0.005041120594720944,3.6937709316509646e-4,0.05822168127983967
NA,NA,NA,NA,NA
NA,NA,NA,NA,NA
0.003342159116564954,0.0030324936168154497,0.003742147815599765,2.1836658742985262e-4,0.0439113479633086
NA,NA,NA,NA,NA
0.003478524843928838,0.0032385173698765545,0.0036881702679397556,1.713227766781688e-4,0.044484683250288634
NA,NA,NA,NA,NA
NA,NA,NA,NA,NA
0.0030503108358976043,0.0028350006505698873,0.0032865541496286607,1.5511478896641873e-4,0.04143882405259935
NA,NA,NA,NA,NA
0.0018543146244854914,0.0016637478514341117,0.0020144035697506413,1.422320654099305e-4,0.02443925857052644
NA,NA,NA,NA,NA
NA,NA,NA,NA,NA
0.004434196804156446,0.0042209894998008445,0.004552620868035192,1.1640674648665498e-4,0.059238663087550276
0.003676214220758791,0.0034493165828532813,0.0038616017863341997,1.4324657287473577e-4,0.046968052390734344
0.003659176712245355,0.0033550341323416452,0.004070261988324157,2.3714634194430388e-4,0.04727018581897829
0.0033948413540578963,0.00299812653771984,0.0039306996376849085,3.307144012252813e-4,0.041806084954040756
0.0033229144360549215,0.0031122833297215573,0.0035243583879812175,1.4564119856870324e-4,0.04285494280365126
0.0029729143628453836,0.00269648019847553,0.003288067899583015,2.087349719915373e-4,0.03809780212464712
0.0037518303420414284,0.0034290688994606457,0.004214913529955309,2.8026291466366586e-4,0.048884790621455454
NA,NA,NA,NA,NA
0.0024639004674412803,0.002237080236791929,0.002712876165208274,1.6858517831174822e-4,0.030326896508509886
0.003411548536703468,0.0031655906406411983,0.0038458464819464706,2.1633050615241318e-4,0.04517722473101509
0.0020187462423326605,0.0017918494719023615,0.0023648061289936262,2.0548889155900667e-4,0.025853419802781
NA,NA,NA,NA,NA
0.00240592434562414,0.002184438253563233,0.0026689114825391774,1.8678846151157626e-4,0.030617275941284567
NA,NA,NA,NA,NA
0.0028303594593601183,0.002604731920677857,0.003287650203428763,2.274964626451902e-4,0.0369000889963406
0.0028546651600191452,0.0025456794534648953,0.0032130641674409594,2.2819956492087085e-4,0.036167848740429845
0.002286026913639713,0.0021157430135829137,0.0026034524002516934,1.7409405283389407e-4,0.029079415064868608
0.0026552728665778904,0.0024711040086375646,0.003035978392934117,1.9236162776074898e-4,0.03514279318686292
0.0027364259795063356,0.0024561683393504417,0.0030950573727062283,2.458998999584792e-4,0.03463291374606145
NA,NA,NA,NA,NA
NA,NA,NA,NA,NA
0.0024687314634063064,0.002176102455281105,0.0027827906761527747,2.333511521954336e-4,0.032147928085606535
0.0035233030518974865,0.0032770531416497347,0.0038053956720370146,2.057244655950515e-4,0.0447513567905639
0.003907318129687024,0.0036554128155270016,0.004243770235767026,1.9857156378831907e-4,0.04837414951645365
NA,NA,NA,NA,NA
0.0035916518718212298,0.0032736249524968532,0.003980949700201675,2.5915232576764226e-4,0.04754033292362838
NA,NA,NA,NA,NA
0.0033924865252587463,0.003050282276818041,0.0037370293053118147,2.3684573410096593e-4,0.044493047238079134
9.157721882069592e-4,8.147982087154488e-4,0.001075253556567552,9.570058037236385e-5,0.011777819252457612
0.004063912664931567,0.003830043977485015,0.00426671049123562,1.696016533847832e-4,0.05053331207533163
0.0015657083932432573,0.0014301927764955376,0.001670124697589974,9.12420096025735e-5,0.02094144246558749
0.003026732678792853,0.002674989654961137,0.0033583478601332713,2.538444141427997e-4,0.03724053273468176
0.0038559122521002933,0.0035220514634090976,0.0041913792850968665,2.498686129932113e-4,0.04944473737205239
0.004083513796865597,0.003729709127537928,0.004491586847334535,2.4293844853267993e-4,0.05347724783952841
NA,NA,NA,NA,NA
NA,NA,NA,NA,NA
0.003058029047975136,0.0027044760655656587,0.0034065135278109654,2.6257874657844817e-4,0.03815080078541991
0.004062302326276776,0.003639516241020619,0.00444362006604565,2.9181825547666327e-4,0.051441816853904275
0.0033185173790087064,0.0030533423029322393,0.003582268616424927,1.9797654556588545e-4,0.04164094312789191
NA,NA,NA,NA,NA
NA,NA,NA,NA,NA
NA,NA,NA,NA,NA
NA,NA,NA,NA,NA
0.004017784764040456,0.00376618751638935,0.004328610112466228,1.9524422201520385e-4,0.05191933392370233
NA,NA,NA,NA,NA
0.0013800591928483058,0.0012516313755922637,0.0015977157279567185,1.2031689603522279e-4,0.018084629202219624
NA,NA,NA,NA,NA
NA,NA,NA,NA,NA
0.002816351518934168,0.002637106001440257,0.0030620157192090573,1.3005918325918148e-4,0.03599709467664201
0.002608308789796626,0.0023174499950835733,0.0029551659633045863,2.435826578042391e-4,0.03262324333714652
0.0034079223532009883,0.0031571087585768797,0.003958414882773585,2.456072592440303e-4,0.04406029556043854
NA,NA,NA,NA,NA
0.0022495409506470446,0.0019786300569563844,0.002597533072745131,2.2882528490091592e-4,0.02855061738689872
0.004040637174064682,0.00378382374249241,0.00432391343398669,1.916416161681331e-4,0.052995279114926935
NA,NA,NA,NA,NA
NA,NA,NA,NA,NA
0.0018336122497134015,0.0016364940433087035,0.0021634998682254396,1.7298067967067663e-4,0.023096942915083032
0.0037464516497884882,0.0034947352202162702,0.0042040743208837505,2.7227030352344327e-4,0.04676146634104056
0.0031832259330114377,0.0028558618565092345,0.0034490688714071452,2.2318503235105067e-4,0.03856748258126539
0.0031376572071680985,0.002780691334403202,0.003548693446878749,2.3978899906530371e-4,0.0410485045913369
0.0036807961510220773,0.0032702123358080036,0.004002582224464909,2.451707073603389e-4,0.04688700190518018
0.003567779113692884,0.003242480432596291,0.004171593377108108,3.1241556606881565e-4,0.0442341156160576
0.002132746800503572,0.0019355310433454083,0.0023321507533962346,1.556416525930115e-4,0.027411009192717783
NA,NA,NA,NA,NA
0.003707896715649701,0.0034569166235164763,0.003956135986678873,1.8931079747710208e-4,0.04949537202536219
0.0027632585597109076,0.0025353672686827325,0.0030698670781773626,2.0400113326221107e-4,0.035999488965172466
NA,NA,NA,NA,NA
0.0037135699386917093,0.003477280449478984,0.003940371111992216,1.7206416339438126e-4,0.04697823472321135
NA,NA,NA,NA,NA
NA,NA,NA,NA,NA
0.0023009336738766305,0.0020942664537508503,0.0025976678193631413,1.8324000070022345e-4,0.02945528447736455
0.002587157903138193,0.002397734419880625,0.0028772051884691334,1.6571525744270955e-4,0.03519175423065378
NA,NA,NA,NA,NA
NA,NA,NA,NA,NA
NA,NA,NA,NA,NA
NA,NA,NA,NA,NA
0.0026046655960666777,0.0024246834777963146,0.0028799705178316408,1.4799049033885985e-4,0.03373887087261547
NA,NA,NA,NA,NA
NA,NA,NA,NA,NA
0.00459743176023068,0.004135828681483777,0.005167262152636007,3.423336353319337e-4,0.057627095814195284
NA,NA,NA,NA,NA
NA,NA,NA,NA,NA
0.0037564915508175095,0.003470088087272191,0.0041044950872971935,2.1274664521461994e-4,0.0470781345711804
NA,NA,NA,NA,NA
0.004248616876728987,0.00384652000993961,0.004774127364475414,3.4824866233254455e-4,0.05319305191676989
NA,NA,NA,NA,NA
0.0026438831456918805,0.0024623811328827855,0.0029549571734625007,1.5723613257464137e-4,0.035931468969847204
0.0020736513113925525,0.0018513416060074357,0.002371869718009687,1.9505895342567222e-4,0.026949749352675113
0.0021466604948845143,0.0019527500528814222,0.0023966503054536634,1.6357261301731227e-4,0.027875457198166087
0.0036667878030865577,0.003415341558438424,0.003882415112442048,1.5848499437877046e-4,0.04782715741754251
0.003155554320987203,0.0028440458742547228,0.0036478028310685546,2.741346035938911e-4,0.04148783572106183
NA,NA,NA,NA,NA
0.0031461086904280297,0.0028134610995180446,0.003480005649079455,2.4784786372096616e-4,0.038345670217052354
0.0024924084670377732,0.00222102371180634,0.0027757523525282018,2.1831844404088032e-4,0.031673926401739876
0.0023937972209436206,0.002156560856500677,0.0027315600791569697,1.919088959189509e-4,0.03142576062970092
0.004198533546271088,0.0038690502535263806,0.00465463156760005,2.629797441169867e-4,0.05462919776835571
0.002887910743019789,0.002586024057021589,0.003366087696855807,2.925245925328237e-4,0.03621929313184226
NA,NA,NA,NA,NA
NA,NA,NA,NA,NA
0.0033426960925910837,0.003037657898994047,0.003519610359556927,1.4984343924903795e-4,0.046027424910953
0.0030807460104378803,0.002806906632802484,0.0036921483922095523,3.1823855558268986e-4,0.04083782652268401
NA,NA,NA,NA,NA
0.002307578846423109,0.002053740197806642,0.0025315331900345257,2.0470163929158213e-4,0.029603503129661608
0.0023234368483559535,0.002082516653561359,0.0027059331299954027,2.2574669870824266e-4,0.029732299647085833
NA,NA,NA,NA,NA
0.003501275567586395,0.003141165801303148,0.003838885018031966,2.5592195360384e-4,0.044553082204677213
NA,NA,NA,NA,NA
0.0037659514449354973,0.003429882076346383,0.004391438149226975,3.2317376296098053e-4,0.04797583267639082
0.002509216644036092,0.002269918022260266,0.0028378057492131187,2.173163337987315e-4,0.03097859786332972
0.0025825077472780436,0.002385710560973674,0.0028051735483449972,1.5650835636945207e-4,0.03292303679465826
0.003132956416828648,0.0029469756679261164,0.003374586527453224,1.6034524573084173e-4,0.03923138871102717
NA,NA,NA,NA,NA
0.0032845839136965865,0.0029034092042174524,0.0037374777766394723,3.1540924171738445e-4,0.03977718558182414
0.003889548349904208,0.0035414556089552835,0.004369217164608223,2.9702967505272724e-4,0.05185520298010422
NA,NA,NA,NA,NA
0.002318724545886931,0.002039969622462175,0.00259466833580773,2.2459372648849464e-4,0.02968818620247425
0.003108578893283048,0.0029072824986219746,0.0034837995698702344,2.0449274486659038e-4,0.04138226379576343
NA,NA,NA,NA,NA
0.002433897653513426,0.002239031757054159,0.0026425832548294644,1.4824993686268333e-4,0.03242470104483751
NA,NA,NA,NA,NA
NA,NA,NA,NA,NA
0.0015535034961749454,0.0013936643053258176,0.0018303608295473998,1.6112093848422537e-4,0.01941307677198852
0.0030074631462404656,0.002709318980318083,0.0034893051394969646,2.9336564648421167e-4,0.0382694665448281
0.003302900219879618,0.00296192496826472,0.00365722359052257,2.872438451663718e-4,0.04267721748381224
NA,NA,NA,NA,NA
NA,NA,NA,NA,NA
NA,NA,NA,NA,NA
NA,NA,NA,NA,NA
0.0034674132649842246,0.0032503835102042243,0.003891917133965569,2.0806068176375034e-4,0.04419053104413132
0.0022823498545301137,0.0020861864189891874,0.0024700426488033344,1.25699938673629e-4,0.029948016633647753
0.002362788832405023,0.0021195479777763203,0.0025754343910500428,1.7058360334727059e-4,0.030587026566614592
0.003104299159227706,0.0028146613989533833,0.003385574266842723,2.361074948027181e-4,0.039143633039923104
NA,NA,NA,NA,NA
NA,NA,NA,NA,NA
0.004128564500388671,0.003733478520161348,0.004517167198701153,2.8147311490950196e-4,0.05338689260837365
NA,NA,NA,NA,NA
0.004135833811948083,0.0038165163029877437,0.004401105291267471,2.1559817610722736e-4,0.05154385414825714
0.0024462679469258093,0.0021620010333331247,0.0027092731416958464,2.1988571693354618e-4,0.03298821304569624
NA,NA,NA,NA,NA
0.004065521010145274,0.0035727650966920987,0.004635655813227304,3.8879149010652365e-4,0.05078100245722755
0.0020785158989171273,0.0018384048949894975,0.0023373068459403607,1.8802507648742274e-4,0.02667649519239581
0.0019838179902879824,0.0017433694546129185,0.0021962605722981765,1.8166404991974515e-4,0.025982217299455514
0.004607491925979825,0.004255411410416044,0.004864778867555069,2.2664575285140555e-4,0.05785131809104319
0.0023630483305909964,0.0021030103524224196,0.002862894806956438,2.6039700851722316e-4,0.029689073818306107
0.0027938001917001214,0.0025142625398730635,0.0030938487999455327,1.9931938993632823e-4,0.036123510021624256
0.003815670281181547,0.003494791767987677,0.004038293664489079,2.1764902012450025e-4,0.047714481679533245
NA,NA,NA,NA,NA
NA,NA,NA,NA,NA
NA,NA,NA,NA,NA
0.002404429894663585,0.002228911997873096,0.00287679477642301,2.2152288960719928e-4,0.03081397698601114
0.0031176408551003725,0.002841194038201271,0.003702187344563828,2.9902755631486174e-4,0.03958652477057878
0.003860580459629068,0.003593733068660408,0.004307783150070996,2.468170608682506e-4,0.04990942260007962
NA,NA,NA,NA,NA
NA,NA,NA,NA,NA
0.0036772238455072036,0.003323387915480417,0.003972931273461724,2.613593251294106e-4,0.046318128625962164
0.003069596527120452,0.0027594951099436035,0.0034206970579423743,2.2704859630180504e-4,0.040041296710566915
0.003176893143231528,0.002910547389447674,0.0033904891428823813,1.9229095388768205e-4,0.04078522799249226
0.0036681859662424793,0.0033390172674671215,0.0039076128799931265,2.2928066354881006e-4,0.047736931486627346
0.005081337827237754,0.0045388991630425715,0.005643853073704421,3.5005861690206143e-4,0.06502683919169479
NA,NA,NA,NA,NA
NA,NA,NA,NA,NA
0.0018271670254421486,0.001681019256045515,0.0020096724532803873,1.1787316497720043e-4,0.024244633118466346
NA,NA,NA,NA,NA
NA,NA,NA,NA,NA
0.0030242403607782346,0.002733621070118673,0.003619969249592456,2.9926059237054056e-4,0.038195328664163634
NA,NA,NA,NA,NA
0.004392513470850643,0.004029929997757365,0.004621487889331467,2.2228050642562146e-4,0.054823691421616014
NA,NA,NA,NA,NA
NA,NA,NA,NA,NA
0.004244166455370645,0.003783892364839835,0.004820607231667768,3.498073491163751e-4,0.054503665006010574
0.0023252323712117193,0.002108012839639758,0.002737590201803025,2.23421475399502e-4,0.0296533145949188
0.002276673318105172,0.002053474278986642,0.0025867919176072486,1.8019149005398688e-4,0.029270507016593398
0.0029574881276184088,0.0026833662148665173,0.0034306247414156586,2.6872562033819426e-4,0.03776552941487585
NA,NA,NA,NA,NA
NA,NA,NA,NA,NA
0.003153914990978928,0.002902879380001619,0.003583070000568766,2.26903463001981e-4,0.042290299427614475
NA,NA,NA,NA,NA
NA,NA,NA,NA,NA
NA,NA,NA,NA,NA
NA,NA,NA,NA,NA
NA,NA,NA,NA,NA
NA,NA,NA,NA,NA
0.002942177998456288,0.002732785402710583,0.0032259136376831385,1.7777077392426842e-4,0.03789530672057932
0.003561552756640076,0.0031853594567114126,0.0038726657696305624,2.806878013281446e-4,0.04554811811023874
NA,NA,NA,NA,NA
0.004318101479349426,0.003917696158936847,0.00469147879212054,2.8302898248487476e-4,0.054328937109716965
NA,NA,NA,NA,NA
0.003221323519477515,0.0028926888972736447,0.0034919989781054665,2.4098763043325753e-4,0.0398975220654001
0.0022393313004935834,0.0020352790418955353,0.0025472101090467155,1.7439248425320635e-4,0.02833434916066616
NA,NA,NA,NA,NA
NA,NA,NA,NA,NA
NA,NA,NA,NA,NA
0.004313316906728323,0.003931228785548405,0.004744215025808964,2.6718129568607997e-4,0.05550040815772439
NA,NA,NA,NA,NA
NA,NA,NA,NA,NA
0.0026245162364219843,0.0024564655563446094,0.0029034193261915577,1.614153923194485e-4,0.03214633183710122
NA,NA,NA,NA,NA
0.003691011408794688,0.003195001981546441,0.004078757040380061,3.4755551287973357e-4,0.045207705599681874
NA,NA,NA,NA,NA
NA,NA,NA,NA,NA
NA,NA,NA,NA,NA
0.00248688038989738,0.00227470845336944,0.0028731698946561452,2.1040415800979264e-4,0.032661419407356174
NA,NA,NA,NA,NA
0.004651452729825504,0.004291034486662793,0.005009229469336842,2.7274895395494847e-4,0.05719272230048066
NA,NA,NA,NA,NA
NA,NA,NA,NA,NA
0.0034604432379837387,0.0032170583196853416,0.003912827626528747,2.551227143336237e-4,0.04460029022068786
NA,NA,NA,NA,NA
0.0038157470557680807,0.0034863761392769847,0.00419674282112033,2.272519557873458e-4,0.048734297788924755
NA,NA,NA,NA,NA
0.0036297726527312296,0.003245993327515442,0.004040656199500261,2.937740107106003e-4,0.04706363778527101
0.002674424924431561,0.0024058179468718953,0.0029940276032444134,2.248661066536781e-4,0.035153372074894496
NA,NA,NA,NA,NA
0.003611348953032253,0.003333888696379333,0.003913905762233388,2.0346476852648812e-4,0.047619158049355334
0.0027272063632979293,0.0024698339841797705,0.0029726725555716585,1.7051861536431916e-4,0.034952969445832864
0.002841242310347124,0.002658749121176812,0.0033231444579717535,2.374879275548048e-4,0.037202330518672784
0.0034448192587661656,0.003170810088163706,0.003899789864021112,2.4372874536025723e-4,0.044096658344496685
NA,NA,NA,NA,NA
NA,NA,NA,NA,NA
NA,NA,NA,NA,NA
NA,NA,NA,NA,NA
NA,NA,NA,NA,NA
NA,NA,NA,NA,NA
0.002231804893540823,0.00195625374647068,0.0024522107162923716,1.9616563130931075e-4,0.028722958604960817
NA,NA,NA,NA,NA
NA,NA,NA,NA,NA
0.003383373163723289,0.0031979589049140303,0.003785984082566943,2.0428265318303342e-4,0.04445405884123777
NA,NA,NA,NA,NA
NA,NA,NA,NA,NA
NA,NA,NA,NA,NA
NA,NA,NA,NA,NA
0.0044216770057444715,0.004017852707049839,0.004758460624027619,2.3697469673444928e-4,0.05678666988329523
NA,NA,NA,NA,NA
0.003480915011227943,0.003123869917964449,0.0038431813065334594,2.950419940734661e-4,0.044592352433667624
NA,NA,NA,NA,NA
0.003680581703755121,0.0034587455487476546,0.004225360509781293,2.7762852309361067e-4,0.044904154635367705
0.003168707558962243,0.002818674910182895,0.003444014036353805,2.5302131818507375e-4,0.03964208990071105
NA,NA,NA,NA,NA
0.0034576893506092408,0.003174038749923763,0.003781842150183321,2.392217229397562e-4,0.04546626664725218
NA,NA,NA,NA,NA
NA,NA,NA,NA,NA
0.003148951952658311,0.0029003495488595242,0.0033649701871709186,1.711315143054519e-4,0.040081706053749035
NA,NA,NA,NA,NA
NA,NA,NA,NA,NA
NA,NA,NA,NA,NA
NA,NA,NA,NA,NA
NA,NA,NA,NA,NA
0.0029295922387055796,0.0027587868324920133,0.003186952949076481,1.5935962218268442e-4,0.03816750626975625
NA,NA,NA,NA,NA
NA,NA,NA,NA,NA
0.002395237176022555,0.002108129852696083,0.0026669431150428955,2.148269185457633e-4,0.029835304052175007
0.0014778092820879173,0.0013025979555339393,0.001729354168265251,1.4732570110361547e-4,0.0193694335696802
NA,NA,NA,NA,NA
0.0030580558862476005,0.002880334887559662,0.003228185370057833,1.3216949265968872e-4,0.03930222717139306
0.0028764639638397533,0.002655176284463758,0.0031238856686800396,1.852141869100825e-4,0.036590805992233306
0.003039131183160658,0.002723430037448647,0.003358515479639402,2.597972492052186e-4,0.038462925146173756
0.00150062300991897,0.0014006103709611117,0.0016278088080897135,7.687779066091433e-5,0.019441337543017228
0.00264844596177153,0.0023357890295952685,0.003039153756496113,2.8908296524379415e-4,0.033261737859116985
NA,NA,NA,NA,NA
0.004450697969577823,0.004015238115685348,0.004824256360272764,2.6944580118105725e-4,0.056336877368745965
NA,NA,NA,NA,NA
NA,NA,NA,NA,NA
0.00319973282497258,0.0029988143718586977,0.0036670560815857834,2.3604968204150392e-4,0.04092585911786926
0.003610379790512155,0.0032935168165721604,0.0042212152058599866,3.075298649478775e-4,0.047143764061745905
0.00288320835218026,0.0026285202844728165,0.003236976580310779,2.077503918662822e-4,0.03698253533449906
NA,NA,NA,NA,NA
NA,NA,NA,NA,NA
0.0032822681504030577,0.0030248694891543753,0.0037022831337606135,2.3871408809825886e-4,0.04144118245744378
NA,NA,NA,NA,NA
0.003039420553608574,0.0027485192709611095,0.0033430132082879717,2.285488558024012e-4,0.03862695810376396
0.0026018808834048584,0.0024424392913650365,0.0028452903599735543,1.379870084571042e-4,0.03502209652592228
NA,NA,NA,NA,NA
0.0037581383185814176,0.003432171695247956,0.00400595575507189,2.1102367588936373e-4,0.04907327886728349
0.003065174845338458,0.0028188004375067676,0.003359046373546057,1.7796318093812492e-4,0.04036500417100096
0.003096478025392534,0.002793853146040988,0.00357266787655132,2.858946969876163e-4,0.039104844982164606
0.001853879900291596,0.0017129760059955152,0.002013875031382828,1.2157396736663651e-4,0.023524969386242482
NA,NA,NA,NA,NA
0.0024309337460551657,0.002228196425927758,0.0027304022570483486,2.0473563882249926e-4,0.031066978608837156
NA,NA,NA,NA,NA
0.0032166724271704195,0.0028867701040037135,0.003569132559881325,2.562464415760051e-4,0.04038075104807851
0.0030828608084647892,0.0027467962735232042,0.003521753440164537,2.7543802377333744e-4,0.03926118169009221
NA,NA,NA,NA,NA
NA,NA,NA,NA,NA
0.004178877693220844,0.0038680265122323595,0.004596329462304881,2.924599103777078e-4,0.05161963347732926
0.003099656171413892,0.0028087825457253756,0.003606727788467689,2.528132440571892e-4,0.04159728774940585
NA,NA,NA,NA,NA
NA,NA,NA,NA,NA
NA,NA,NA,NA,NA
NA,NA,NA,NA,NA
0.003903052036253508,0.0034206804265175636,0.004418624292577876,3.710793235735512e-4,0.04864414902315383
0.0031271374211194396,0.002832068034986423,0.0036999459897582663,3.0695696374752297e-4,0.040538081219952615
0.0019609046366371326,0.0017531651153534665,0.0022855723862732495,1.9679068851961e-4,0.024180031429676858
NA,NA,NA,NA,NA
NA,NA,NA,NA,NA
0.003979368825016563,0.0036484181467957215,0.004284992954968744,2.2578055793324856e-4,0.050038346091996054
0.003604622709602328,0.003363110783039856,0.003931231436817875,2.0177976111422676e-4,0.045301852286129776
0.002479632387463678,0.002287631086239151,0.002671745320810025,1.4660096875222976e-4,0.031747933918730945
0.0024538226640522893,0.0022788073847257503,0.002743368556822019,1.534323897837432e-4,0.03160798428397044
0.003806531735976866,0.003453275043886332,0.004123908762925286,2.64175371610925e-4,0.04923578777229471
0.003990774874086056,0.0037279899823441953,0.004426145463295251,2.162519084820983e-4,0.0518249865903156
0.0026493018767207812,0.0023790382692880814,0.0029963939931429246,2.2293710199515788e-4,0.03384710190294704
0.0038301628726770992,0.0034380473929935674,0.004202601864597478,2.4211435064737364e-4,0.050773270491693674
0.0029731272158306193,0.002687999546253939,0.0033375971823550923,2.4042333462898712e-4,0.0372079360078394
NA,NA,NA,NA,NA
0.0024100690842479102,0.0020986804979675868,0.002680358474624453,2.3675761226973647e-4,0.03109730420467044
NA,NA,NA,NA,NA
0.0024944422779828515,0.002136530130201224,0.002825979283552635,2.6471207889873207e-4,0.032190208075025595
NA,NA,NA,NA,NA
NA,NA,NA,NA,NA
NA,NA,NA,NA,NA
NA,NA,NA,NA,NA
0.004182569324640297,0.003926269548126953,0.004665411603333767,2.53686752682366e-4,0.05395967919470742
0.002806702146865578,0.0024588368950957057,0.0030735985357202254,2.4641443408703875e-4,0.03835284429545858
0.0024293206396280515,0.002164151980249129,0.0027498791351344993,2.1896394513584453e-4,0.030427336114482017
0.002737791439546411,0.0025699291881531553,0.0030507762238959424,1.868847033609383e-4,0.03542794224418074
NA,NA,NA,NA,NA
0.0027380268987898092,0.002528666710544624,0.002933952603192459,1.5045993941090627e-4,0.036614457822158726
NA,NA,NA,NA,NA
0.0034321513028437436,0.0031633257508448445,0.003987625540637235,2.831051681051634e-4,0.045202542051967706
0.0013029375945383531,0.0011477487674969756,0.0015584225275493712,1.419986300193067e-4,0.016645077531168426
0.003290282194090255,0.003039094625966007,0.0036947941868692062,2.1984485459788453e-4,0.042222233386732255
NA,NA,NA,NA,NA
NA,NA,NA,NA,NA
NA,NA,NA,NA,NA
NA,NA,NA,NA,NA
0.00322944899096896,0.002967985348149147,0.003495847961277801,2.0571785006825942e-4,0.04177161154734754
0.0018266087265114267,0.0017222460613708487,0.0021050022229352353,1.323361118110185e-4,0.023703726559487534
NA,NA,NA,NA,NA
NA,NA,NA,NA,NA
0.003607685054309368,0.0031738283125646322,0.003968593523575654,3.2255665960444907e-4,0.04492156591895959
0.001957007527894189,0.0017779630957798086,0.002303403702348807,1.788268532889427e-4,0.024990223099389648
NA,NA,NA,NA,NA
0.00313476437318603,0.0029130611540331345,0.003467547193316179,1.9422343650062388e-4,0.03942779358216309
0.002416121498737955,0.0021658741246382883,0.0028216735482169213,2.2087812445153505e-4,0.030650799711912445
NA,NA,NA,NA,NA
NA,NA,NA,NA,NA
NA,NA,NA,NA,NA
0.0035452187888326977,0.003168287358213739,0.003953853473368344,2.75614940930402e-4,0.04428938189796522
NA,NA,NA,NA,NA
0.0031912746869385126,0.00293468611163982,0.0034829679234775197,2.1150571580707829e-4,0.0412759630204851
0.0035604873188396224,0.003131889652000774,0.004143824602014165,3.4773234877689914e-4,0.04684389126503114
NA,NA,NA,NA,NA
NA,NA,NA,NA,NA
0.0028803802226580865,0.0026878302611964503,0.0031408627899721913,1.845558214824145e-4,0.03574231360576373
0.0027588447714682975,0.0025392338600496688,0.0030165963004138148,1.657032009682005e-4,0.03678231547458019
NA,NA,NA,NA,NA
NA,NA,NA,NA,NA
0.0026038567875120294,0.002381223790843211,0.0029162925879495935,1.95746229322373e-4,0.033946440376407434
0.0045295063448530185,0.004161103150523653,0.005050447930045637,3.1070644836446416e-4,0.05611562426765433
NA,NA,NA,NA,NA
NA,NA,NA,NA,NA
NA,NA,NA,NA,NA
0.0037346521492844197,0.0033651055401481052,0.0041155471808408915,0.00029674547125017523,0.04784146891049821
0.0027432891476656496,0.0024468170482904515,0.0030348512042338398,2.2979725035977068e-4,0.03439704426281354
NA,NA,NA,NA,NA
NA,NA,NA,NA,NA
NA,NA,NA,NA,NA
NA,NA,NA,NA,NA
NA,NA,NA,NA,NA
0.003050710255623511,0.002876361678095861,0.003344648637556576,1.852111862074497e-4,0.039485997572483035
NA,NA,NA,NA,NA
NA,NA,NA,NA,NA
0.002695473018334557,0.0024281144127225617,0.0028768845602847016,1.6418969487934682e-4,0.0355820001718949
NA,NA,NA,NA,NA
0.004124444310686326,0.0037945004119565124,0.0043983841049182616,2.3264835057694165e-4,0.05219068413048545
NA,NA,NA,NA,NA
0.002126587824603694,0.001954396325738961,0.0023105082548075676,1.2934375851819874e-4,0.027365680489700218
0.0033553546165309782,0.0030965395896347483,0.0036829377372151906,1.9039503815650996e-4,0.04181253337042055
NA,NA,NA,NA,NA
NA,NA,NA,NA,NA
NA,NA,NA,NA,NA
NA,NA,NA,NA,NA
NA,NA,NA,NA,NA
NA,NA,NA,NA,NA
NA,NA,NA,NA,NA
0.0029015564853491177,0.002727025074939856,0.003297886758313707,1.8725249787931384e-4,0.03761508399533545
0.003588798727796453,0.0032916205461456095,0.0040341460713181855,2.4329908067774483e-4,0.04592261550547785
0.0035386605039179806,0.003121763242551237,0.003882936705244437,3.12953514714309e-4,0.045025401428587776
0.004268978099867931,0.003735143979050393,0.004990152940759165,4.165395157815199e-4,0.053581621434153674
NA,NA,NA,NA,NA
NA,NA,NA,NA,NA
0.0019744383859744007,0.0017359403710617443,0.0023694834133561483,2.238994106186712e-4,0.02553941544934374
0.0021103898237155904,0.0019091323380848765,0.0023550857719507393,1.727154024647622e-4,0.026892016892304815
NA,NA,NA,NA,NA
0.0024629925971362313,0.0022086363000842395,0.0029288871632192066,2.576682960512665e-4,0.030499311670956587
NA,NA,NA,NA,NA
0.0033097021307372403,0.002991821641376155,0.0035623015313015426,2.1405880041016706e-4,0.043714541961346595
0.0032312109289344723,0.0029806717439541087,0.0034845061722373265,1.817279926400888e-4,0.03992822381345866
NA,NA,NA,NA,NA
0.004043402682528551,0.0037307086199438936,0.004406337635933629,2.3827249645330385e-4,0.050092452909598954
NA,NA,NA,NA,NA
0.001953668304224953,0.0017884476865293402,0.002195853890018246,1.5207209686986828e-4,0.02512479180895249
NA,NA,NA,NA,NA
NA,NA,NA,NA,NA
NA,NA,NA,NA,NA
0.0033068143890083706,0.0030423902709278187,0.0037306499351462416,2.4078989762820862e-4,0.04339097007833613
0.0030229731583694764,0.0028325203620790597,0.0033789734200448934,1.8978391516679741e-4,0.03841417379748566
NA,NA,NA,NA,NA
NA,NA,NA,NA,NA
0.0037804330526504133,0.003332198744880744,0.0041501760780339346,3.1374140830784053e-4,0.04788922521782329
NA,NA,NA,NA,NA
NA,NA,NA,NA,NA
NA,NA,NA,NA,NA
0.003374927122059788,0.0030113393991126835,0.003677150745068862,2.494210049297657e-4,0.04199986793491281
0.0030991187851671393,0.0027662189590680025,0.003471258808617103,2.4769322374446843e-4,0.03995042051851374
0.0025063305082582755,0.0022629885567018613,0.0028509802258118795,2.015143443283817e-4,0.03308481711722159
0.0028658852175347475,0.0027183768121751208,0.0030677215995815825,1.365667742545357e-4,0.03587407240019287
0.0020921046038587174,0.0019541608281646136,0.0023175325699449946,1.3138396193408208e-4,0.02818895967223369
0.0020788108526903107,0.0018862468867548506,0.0023707228118733724,1.921846173285015e-4,0.027132624133721524
0.004303627099720256,0.003966782364477684,0.004643309483871138,2.517636623069635e-4,0.055175161549535535
NA,NA,NA,NA,NA
NA,NA,NA,NA,NA
NA,NA,NA,NA,NA
0.003588567895816609,0.003264019067036301,0.003993539453271474,2.489986219332338e-4,0.0462401972172379
0.002445652145204213,0.002306016983558195,0.002743912061699069,1.6215009122331526e-4,0.030952039193433867
NA,NA,NA,NA,NA
NA,NA,NA,NA,NA
NA,NA,NA,NA,NA
NA,NA,NA,NA,NA
NA,NA,NA,NA,NA
NA,NA,NA,NA,NA
0.0032451892958525806,0.002997110385692181,0.0038471639297937665,2.825897924093863e-4,0.04026727930614169
NA,NA,NA,NA,NA
0.0031200352532190757,0.0028658310265866687,0.0036373363479639876,2.3434393168025877e-4,0.04047967514364899
NA,NA,NA,NA,NA
NA,NA,NA,NA,NA
0.00377089000857344,0.0034835088729592597,0.00404890069593105,2.1985666748152076e-4,0.04891725103592505
NA,NA,NA,NA,NA
NA,NA,NA,NA,NA
NA,NA,NA,NA,NA
NA,NA,NA,NA,NA
0.0031291666891318944,0.0029140055526614412,0.0033203366740401203,1.497444511013156e-4,0.0396260095121353
0.003802794533517699,0.003421081287248768,0.0041392795507063885,2.7686840304064225e-4,0.05035159332351698
NA,NA,NA,NA,NA
NA,NA,NA,NA,NA
NA,NA,NA,NA,NA
0.004240899760509968,0.0038473113859195775,0.004575240331104092,2.4188973770819443e-4,0.054681976415392394
0.0028242828389772505,0.002650060003193228,0.0030171616287673333,1.1042610001547908e-4,0.03710163760272491
0.002894861946983243,0.002638797498581008,0.0032943619560303916,2.2340174206993967e-4,0.03728571380582556
NA,NA,NA,NA,NA
0.004360604020480965,0.004141400097758615,0.004812271212221744,2.5909763632268017e-4,0.05450859646827377
NA,NA,NA,NA,NA
0.0036575712623373273,0.0033829360567214782,0.003890451984392543,1.8152636113026192e-4,0.04813365112412371
0.0020913087644844463,0.00188013650655155,0.0022953026949360696,1.7892208435555152e-4,0.027295929194140485
0.004000003490103303,0.00371349224119146,0.004447329092624566,2.3968258903970328e-4,0.049749482471852235
0.0035893341787670363,0.0032546433939348615,0.004020987631480728,2.648231368277618e-4,0.04535095845812168
NA,NA,NA,NA,NA
NA,NA,NA,NA,NA
0.004255921651563684,0.004015487854413643,0.004645847417775607,2.0643670164307727e-4,0.05600146439063235
0.002858400544859961,0.0026135873223236557,0.0030728511024392118,1.6840513959635956e-4,0.036120238540083845
0.00322929827104196,0.002938676965048245,0.0037267035789992145,3.0805902147580856e-4,0.04071801544698886
NA,NA,NA,NA,NA
NA,NA,NA,NA,NA
0.004069356827379225,0.0037173344292276214,0.004568296762774318,3.2112243999609047e-4,0.05060228774063766
0.002458073980746077,0.002223337960165683,0.002832966845295551,2.4320100515739875e-4,0.032675455756599234
0.0032809575339440497,0.00293968817575245,0.0036573798959813057,2.4133675859504578e-4,0.04222174426785995
0.0034179165261031476,0.0031976563271917968,0.0036072653572580423,1.3011788352193507e-4,0.044347998995532274
0.003390726607150171,0.0030037902379871236,0.0038310737574215464,3.215761175418058e-4,0.04264719503096498
0.003993987771712221,0.003484298135531142,0.004491375935794545,3.599733163583901e-4,0.0503783777221605
0.003698241896258071,0.0033224787529880302,0.004119614369974556,2.940449162360271e-4,0.04718565594925497
0.0022663945478926376,0.002029670684660478,0.002595164754239492,2.099752739250613e-4,0.0292133297253397
0.004399574530794136,0.004060539696271177,0.004683950904299772,2.1279922242259893e-4,0.055711736651005254
NA,NA,NA,NA,NA
NA,NA,NA,NA,NA
NA,NA,NA,NA,NA
NA,NA,NA,NA,NA
0.003315457358315481,0.0030306592980651166,0.003748986382472718,2.5733658959911166e-4,0.041610536877317014
NA,NA,NA,NA,NA
0.0025609877762704345,0.0023437456365397865,0.002772860594037788,1.5337184966221073e-4,0.033421489802757484
0.002172821186543247,0.0019680236666358947,0.00231793196824722,1.4208531380860542e-4,0.02828545832851465
0.0022474513245490544,0.0019545650128970646,0.0024790969412498954,2.0709494166668073e-4,0.029272450688883282
0.002700360197562143,0.0025278486674140507,0.002958128072675878,1.4375538690354744e-4,0.03492653270798655
NA,NA,NA,NA,NA
0.0030217571556595555,0.0026858593417272195,0.003304167217015755,2.2962347509120377e-4,0.037638846662878304
0.0035653867010310408,0.003185169735125296,0.0038771915455495538,2.929784846155096e-4,0.0450329120821242
0.0034258642114769204,0.003146007733293695,0.00384484904628711,2.457226689345502e-4,0.04367769895475987
0.002983651498841471,0.002723985006034344,0.003483879509202711,2.680602897071163e-4,0.03950886901355279
NA,NA,NA,NA,NA
NA,NA,NA,NA,NA
0.001548157100616671,0.0013712381126643127,0.0017017209826859767,1.3382712864655176e-4,0.019191028966075233
NA,NA,NA,NA,NA
NA,NA,NA,NA,NA
0.0024971058244247033,0.0022048069424604674,0.0028437955718311364,2.4196038239253695e-4,0.03167935709907567
NA,NA,NA,NA,NA
NA,NA,NA,NA,NA
NA,NA,NA,NA,NA
0.004551181996860411,0.00417130442711756,0.00480037695741194,2.389732994334602e-4,0.05863334116010656
NA,NA,NA,NA,NA
NA,NA,NA,NA,NA
0.0041888315225102465,0.0038660930510614404,0.004539739729173512,2.0204438541280558e-4,0.053692439695962546
NA,NA,NA,NA,NA
NA,NA,NA,NA,NA
0.0035618343580425247,0.0032931947781372362,0.0038888323531213035,2.0967694423454597e-4,0.04478108795746088
NA,NA,NA,NA,NA
NA,NA,NA,NA,NA
NA,NA,NA,NA,NA
0.00242190555739062,0.0022260026269648294,0.0026570775285603082,1.5680208358942997e-4,0.03050973525910748
NA,NA,NA,NA,NA
0.002312411993814626,0.002145921376884718,0.0026071939817413686,1.7163476480913864e-4,0.030143365659740927
0.004091560859026059,0.003811209138643587,0.004437083784883819,2.37394240077828e-4,0.05364851489407461
NA,NA,NA,NA,NA
NA,NA,NA,NA,NA
0.0030198318786369455,0.0027828249496016427,0.0032507394886208754,1.595169365925077e-4,0.03946884259547822
NA,NA,NA,NA,NA
0.003425263509036987,0.0031736119493797482,0.003631334801540227,1.6960765634666913e-4,0.04177709004261251
NA,NA,NA,NA,NA
NA,NA,NA,NA,NA
0.003006485108428952,0.002806080940388245,0.0034854830417875965,2.3154227812033663e-4,0.038895840410987176
NA,NA,NA,NA,NA
0.0035659126703881817,0.0032787869843958007,0.0040738304834913985,2.55205029848911e-4,0.045740037226535774
0.0035541350917184544,0.0031312793161989223,0.003995246225352427,3.0271496831775507e-4,0.04713781026434327
0.003815119076760214,0.0035219600975947155,0.004303103183481588,2.6877949368511576e-4,0.04895397503096307
NA,NA,NA,NA,NA
NA,NA,NA,NA,NA
0.0030214157227704086,0.0026154344540759997,0.0035177439879459753,3.1880973183927584e-4,0.038642801994876005
0.002743615110769865,0.0025056933436428787,0.003223004597121975,2.5406837740752817e-4,0.03539250964584005
NA,NA,NA,NA,NA
0.0032381618623486506,0.002951832321849726,0.003537651151144048,0.00022678355333680299,0.03910662469849486
NA,NA,NA,NA,NA
NA,NA,NA,NA,NA
NA,NA,NA,NA,NA
0.0022156933557327583,0.0020063386298746415,0.002639693849212489,2.0383484516032433e-4,0.028865198166540863
NA,NA,NA,NA,NA
0.003961660716334911,0.003442876108078528,0.004414059271043364,3.593924072379098e-4,0.04810635538918206
NA,NA,NA,NA,NA
0.004075788928763543,0.0037227339412498244,0.004345022671377539,2.563473273722365e-4,0.04891286977517905
NA,NA,NA,NA,NA
NA,NA,NA,NA,NA
NA,NA,NA,NA,NA
NA,NA,NA,NA,NA
NA,NA,NA,NA,NA
NA,NA,NA,NA,NA
0.004524629998064216,0.004182598842272641,0.004910489698671664,2.90529919634695e-4,0.05785452529319482
0.0031263975409177207,0.0027911589973484197,0.003602502689894022,3.151391213516216e-4,0.04051888065667984
0.0034258973324175724,0.003046955703534806,0.003792263903870064,2.7412083694773273e-4,0.043679256305211904
0.0028138242429289126,0.0025615736106173984,0.00310561373411656,1.9351536015580615e-4,0.0376628271332694
NA,NA,NA,NA,NA
NA,NA,NA,NA,NA
0.003625947629759305,0.0032860167265893773,0.0039654851672830446,2.483849982295988e-4,0.04575373367803187
0.002500763289654308,0.002345854670774278,0.0026209697451306346,9.738536396604628e-5,0.03299659502787518
NA,NA,NA,NA,NA
NA,NA,NA,NA,NA
NA,NA,NA,NA,NA
0.0029504996470452924,0.0026724966033588294,0.003320115594570527,2.2930503385447843e-4,0.03816443324482319
0.003627341653154556,0.003312598223604494,0.004137688981058294,2.9929312032842237e-4,0.04666307648646268
0.0024496783662177305,0.0022049525031142526,0.0027860415452152835,1.942280868042124e-4,0.031527014854456234
0.003917847375123251,0.0034021180403019284,0.004337183647115719,3.693328524121439e-4,0.04926028362413121
0.0017681044503369955,0.0015975973208630688,0.0020024313204903776,1.3593084714162614e-4,0.022406477133468793
NA,NA,NA,NA,NA
NA,NA,NA,NA,NA
0.0036366900734661743,0.0032083610217737007,0.004155596704769479,3.614610207638175e-4,0.04373148800693634
0.0020855875441757542,0.0019273372568486104,0.002373050318419747,1.553784463444398e-4,0.026732288748153157
0.004339176665749778,0.004039725222624582,0.004836429101230965,2.898427182739387e-4,0.058401868249471016
0.0020959471107624313,0.0019121320823014022,0.0023392389408482266,1.720339699551566e-4,0.027250377690267766
NA,NA,NA,NA,NA
0.0019266069354773668,0.001754193770965974,0.0021285940840908247,1.4019719684377525e-4,0.02586076891216954
NA,NA,NA,NA,NA
0.004043086172528641,0.003694530368934535,0.004373840563016355,2.067381833669228e-4,0.0527287222495811
NA,NA,NA,NA,NA
0.004018810547834594,0.0036102500878374805,0.004340189307748663,2.763630986007077e-4,0.052518820909531035
0.003295797821334093,0.002890939612920084,0.0037409262586130918,3.037776178601038e-4,0.04131311741472028
0.003567439641781919,0.003228572327492783,0.003904632844904774,2.888648452882125e-4,0.04442707258041314
0.004335236381828757,0.003980409297585078,0.004689029653431636,2.638707512264252e-4,0.05287760140575112
0.0032641403414990873,0.002905866121192955,0.003548540195072269,2.4338232595199114e-4,0.042569740628295154
NA,NA,NA,NA,NA
0.003746430100969013,0.0034585996468741755,0.004006356794476502,2.0473815233884064e-4,0.047146952174993616
NA,NA,NA,NA,NA
NA,NA,NA,NA,NA
0.00393278031725519,0.0035359650156111208,0.004434825677289214,3.1985292530025674e-4,0.050446219642194416
NA,NA,NA,NA,NA
0.003208129766694582,0.0028988064512777516,0.0035432367700918687,2.2445129590741234e-4,0.040800500187638936
NA,NA,NA,NA,NA
NA,NA,NA,NA,NA
0.0040920275194150325,0.0037291772019910872,0.004496675619423923,2.824543537118987e-4,0.05057059689004154
NA,NA,NA,NA,NA
0.0028660504619172408,0.0025059303805715365,0.003303195864134225,2.7170176277597694e-4,0.03650439743863437
0.003050320416885869,0.00266573517837525,0.0033905411872407905,2.990158930079985e-4,0.03978658096420618
NA,NA,NA,NA,NA
NA,NA,NA,NA,NA
NA,NA,NA,NA,NA
NA,NA,NA,NA,NA
NA,NA,NA,NA,NA
0.003651116594577447,0.0034217557678383535,0.003974348259192972,1.7051750597522097e-4,0.047990937318549184
0.003812353394623015,0.003533248414630028,0.004110013033223144,1.7192050555588784e-4,0.04991194110855547
NA,NA,NA,NA,NA
0.004199124859118915,0.003751325721150388,0.004820864743613155,3.6633873534558007e-4,0.05200163313610979
0.003871558831013044,0.0035482559431710753,0.004116952058703864,1.9063338293551617e-4,0.049560144910673794
0.0025102881193865365,0.002337297182864851,0.00269346323057364,1.253081269273992e-4,0.0320202469517349
0.0017508273874450616,0.0015787479648376583,0.0019225536782965361,1.284991885983503e-4,0.02284169694385383
0.003398649022488439,0.0030387564920264015,0.003734773046220626,2.5170381829322413e-4,0.04346211939008826
NA,NA,NA,NA,NA
0.0018263033315246606,0.0016389748825302597,0.002084545004563077,1.4698926332839176e-4,0.02410645800648247
0.0020269994905768324,0.0018031943033316896,0.0022788791313170195,1.7502622385252826e-4,0.026416014579702735
0.00318689907639342,0.0029005575906911676,0.0034586164764436487,2.1475229486962616e-4,0.04229715038714335
0.0036200925488234347,0.0035183424539822917,0.003969117009154329,1.6094228357379681e-4,0.0477707967774286
0.0028080971612595646,0.002617470935911836,0.0032057421366429775,1.98669640287718e-4,0.03642073192454558
0.004360247783272641,0.003962675112931191,0.0046873216776614265,2.5374515834674196e-4,0.05566512470783004
0.0017980652950430678,0.0016276688073340972,0.0020720555187581603,1.4893253349658494e-4,0.024284593026954283
0.004179242086413778,0.0037475510990407114,0.004750480491178929,3.4645587617886076e-4,0.05249194416654558
0.004326866831757472,0.0039133760305499095,0.004911009123700493,3.4361802824551125e-4,0.05536052650123014
NA,NA,NA,NA,NA
NA,NA,NA,NA,NA
0.0038326256632821736,0.0035555220457520026,0.003997180600645851,1.5430565793783497e-4,0.048965305541244585
NA,NA,NA,NA,NA
0.003099658133258132,0.0027893782249984234,0.0035137097266335323,2.7108089737163754e-4,0.039988722680179466
0.0018134806990961466,0.0016252595527819177,0.0020335624684417472,1.4957033489223053e-4,0.02365258631624153
NA,NA,NA,NA,NA
0.005182598725467495,0.004782872936928689,0.005436168168446268,2.2318851006248222e-4,0.06532674977132452
0.0024057771475247667,0.00212889843785828,0.0027891841640115436,2.0466403215355666e-4,0.030844977452973283
NA,NA,NA,NA,NA
0.002247451324549055,0.0019545650128970646,0.0024790969412498954,2.07094941666674e-4,0.02927245068888329
NA,NA,NA,NA,NA
0.0037901953661659826,0.0033992310718235445,0.004120162762026115,2.914666432947739e-4,0.04780641994145308
0.0033398355581850973,0.0030086462837099408,0.003623995098647864,2.2470478184636377e-4,0.043003323083240716
0.004357949008958864,0.004080011796387753,0.00487142872920119,2.8135780350190453e-4,0.054218769699227745
NA,NA,NA,NA,NA
0.0022523075052044202,0.002048138576272598,0.002603237798574603,1.940715604138665e-4,0.02844550027695433
0.004136475324746687,0.0038463794956162785,0.004442766134070814,1.8701188545452267e-4,0.05215439135471324
0.0028042499993822965,0.0024605626800576633,0.0031141854453961794,2.7609605013182044e-4,0.035804285351746824
NA,NA,NA,NA,NA
0.0040522628276616806,0.0036689126417721782,0.00451189396719112,3.204263875507183e-4,0.051155349059524964
NA,NA,NA,NA,NA
0.0030368424098296404,0.0028022829454016174,0.0035375657601011234,2.450548610578847e-4,0.0399642688831047
0.003069641940810834,0.0028195308882710654,0.003330465256428537,1.7374814069191753e-4,0.03956827772020858
NA,NA,NA,NA,NA
NA,NA,NA,NA,NA
0.003128658061287508,0.0028899884877975524,0.0037068600344965313,2.874785092570133e-4,0.038385793207978476
NA,NA,NA,NA,NA
0.003344660997764373,0.003010543131408236,0.00389860310813768,3.1917318559475356e-4,0.041983435288335445
NA,NA,NA,NA,NA
0.003414640316515162,0.0031208942740789327,0.0040152969490385776,3.2897723056611204e-4,0.043377085617907755
0.004089031554562953,0.0036312399448628044,0.004704029623547421,3.7044402198775184e-4,0.051193254766862525
0.002733511245338525,0.002517740104811384,0.0029626795179424287,1.6566299419872664e-4,0.03464704540087633
0.002247114031323707,0.0020683990464620407,0.0026378668759832933,1.9983586194889744e-4,0.028342133503221824
0.0033554665254380595,0.0030204565559675636,0.003883943853934026,2.975234560273388e-4,0.04186412382904612
NA,NA,NA,NA,NA
NA,NA,NA,NA,NA
NA,NA,NA,NA,NA
0.002810293163310908,0.0025708592911608654,0.0032137008898293217,2.272908677612548e-4,0.03509950236682101
NA,NA,NA,NA,NA
NA,NA,NA,NA,NA
0.0036175529806226794,0.003393356453273383,0.003869471280802323,1.720098351988559e-4,0.045874844837643196
NA,NA,NA,NA,NA
0.0017674878275102757,0.001562007218454224,0.0019653549944262227,1.646585602518376e-4,0.022535047472518638
0.0017776781520959758,0.0015436488250948229,0.002011876738436859,1.7256833214539957e-4,0.023067924234057232
NA,NA,NA,NA,NA
0.0028403233361860222,0.0025786072311716674,0.0031537849804632303,2.0488272786463294e-4,0.03543168046910562
0.0031758699645662736,0.002948643273263779,0.0035249132402825206,2.1156698004424986e-4,0.0402209701641662
NA,NA,NA,NA,NA
0.003147503215119172,0.002956920465835226,0.003292737950011142,1.2890766938360276e-4,0.04116122819551883
NA,NA,NA,NA,NA
0.0023989656738357622,0.0022103264642727677,0.002606080843253035,1.6151084896326223e-4,0.03068838315714724
0.002645630580693568,0.0024234194029160378,0.0028631608803545193,1.6465905721395503e-4,0.03451680256183167
0.0019750418050969135,0.0018099244901946393,0.0022485781655324742,1.413620820093231e-4,0.025436373028150442
0.003321570790198431,0.0030806709080285137,0.003718879829217287,2.2004674761123155e-4,0.041600376614548046
0.003800217752203079,0.003481066429587757,0.004238300284981136,2.455254222198552e-4,0.048669763742520515
NA,NA,NA,NA,NA
NA,NA,NA,NA,NA
0.0027321576810461,0.002497527075787551,0.002967334232269477,1.8120796386609356e-4,0.0347428279980997
0.0017128725418895938,0.0015159972566420052,0.001976250756884961,1.7754366804605126e-4,0.02205429315965535
0.00371874984966632,0.003530760403595244,0.0040962451340042175,1.806906064946482e-4,0.04861912782969353
NA,NA,NA,NA,NA
NA,NA,NA,NA,NA
0.0036105873511260126,0.0033025769772789403,0.003953497951855565,2.397648277986874e-4,0.047677441375583635
NA,NA,NA,NA,NA
NA,NA,NA,NA,NA
NA,NA,NA,NA,NA
0.002168085433010668,0.0019436887547351247,0.0023867887535672836,1.7521153425307083e-4,0.02852494191986588
NA,NA,NA,NA,NA
NA,NA,NA,NA,NA
NA,NA,NA,NA,NA
NA,NA,NA,NA,NA
0.0036058548058735683,0.003147769637478545,0.003994898906583193,3.247193966972643e-4,0.04782678090009599
0.002770480760515984,0.002589016338678973,0.0030782718320006373,1.8054391459150512e-4,0.03642248909100163
NA,NA,NA,NA,NA
0.0031203862231095115,0.002874875592528361,0.003368259364122971,1.8876746440915675e-4,0.038896308943722174
NA,NA,NA,NA,NA
0.0034503081985391318,0.003053358341982797,0.003792496059247619,2.585915931328273e-4,0.04323882941217805
0.003281610492854699,0.0030842424933953173,0.003739424666853764,2.196310424201649e-4,0.04228465223899106
0.0019254289519206936,0.0017613891478679266,0.002078910546954563,1.2022618806213699e-4,0.025093116479345232
0.0026302335221208566,0.0022884335971456995,0.002924621677663723,2.5303998007719685e-4,0.033065487000226004
0.0015295363096702235,0.0013648140843578415,0.001706260650745934,1.3071532736067687e-4,0.020402598242460667
NA,NA,NA,NA,NA
NA,NA,NA,NA,NA
NA,NA,NA,NA,NA
NA,NA,NA,NA,NA
NA,NA,NA,NA,NA
0.0020229125244677335,0.0017975436548136412,0.0023368465718897275,1.7475243118035167e-4,0.025754627678287432
0.0025493914194697873,0.0023375553929080493,0.0027588549436625845,1.4907289202247372e-4,0.03380646975969615
0.0030584100404121893,0.002778237820992066,0.0034097688346521253,2.3221955524398646e-4,0.03998273405311943
0.0028053004527513995,0.0025473794926384875,0.003283652097646248,2.4149034079804904e-4,0.035376468164340584
NA,NA,NA,NA,NA
0.002825764922322847,0.0025823004244225445,0.0031941895607537868,2.272236396703965e-4,0.0348793050094656
0.003326794957752869,0.003126185977635166,0.0034930076164881472,1.2484605236596849e-4,0.043857097081053474
NA,NA,NA,NA,NA
0.004904304833651519,0.004532722573297256,0.005576324342642146,3.835398262689829e-4,0.061405540333671606
0.002865293335194667,0.0026024015879788855,0.0032949633877515944,2.5881605521380134e-4,0.037000774752178014
0.0038190158036384664,0.0035921331470492555,0.0040157616777038415,1.3044759980393114e-4,0.049444587250613466
0.0027591062635546793,0.0024296174224624177,0.003266035011555565,2.8133356130596176e-4,0.03511309844712285
NA,NA,NA,NA,NA
0.004419394493194327,0.004141303788737324,0.004962648035285075,2.949836825179772e-4,0.05585255682608363
0.0021904583041236795,0.0019355477612905774,0.002609772427968036,2.454661920252602e-4,0.02783020838185999
0.0028927451891302748,0.002694296290061028,0.0031244846951602036,1.654537236341549e-4,0.03721447261873758
NA,NA,NA,NA,NA
0.0031436563194214484,0.0028847504421440416,0.0033741320480854898,1.6235138747095845e-4,0.040241685669139486
0.0036050153928773856,0.003353064810435886,0.00392491974348224,2.0733754503231107e-4,0.04493065021162784
0.0029312456038450368,0.0026504083412045715,0.0032804776064961653,2.2282693410971435e-4,0.0390150444370968
0.0017738412802193579,0.0016217778307040043,0.001983775914972024,1.2848298116993127e-4,0.023332172473726678
0.002474846110870607,0.0022422692039866347,0.0028359450871152437,0.00021477379794557601,0.03183258382540987
NA,NA,NA,NA,NA
NA,NA,NA,NA,NA
NA,NA,NA,NA,NA
0.0033246493391528523,0.003004885939831095,0.0036892293614777163,2.4732010980615927e-4,0.04134186092154382
0.0039592410089942685,0.003602716413535262,0.0042042059284012135,2.2633999553056067e-4,0.04962162664844979
NA,NA,NA,NA,NA
0.0040715442029437485,0.0037009574709935956,0.004477759682606569,2.924272979182524e-4,0.05270291970344513
0.003641929319819996,0.0034013862770289863,0.004202573055482169,2.686837618224879e-4,0.04572435978808939
0.0032983850231107443,0.002983880182951902,0.003832343740296162,3.060610515586202e-4,0.0413153202538268
NA,NA,NA,NA,NA
NA,NA,NA,NA,NA
NA,NA,NA,NA,NA
NA,NA,NA,NA,NA
NA,NA,NA,NA,NA
0.0027094248349170402,0.002471243771936697,0.002906586192962817,1.5786361552008315e-4,0.03501858533170178
0.00325249570697382,0.0029468932942805295,0.0035254882422452046,2.2099112624854843e-4,0.042704213505474924
NA,NA,NA,NA,NA
NA,NA,NA,NA,NA
NA,NA,NA,NA,NA
NA,NA,NA,NA,NA
NA,NA,NA,NA,NA
NA,NA,NA,NA,NA
NA,NA,NA,NA,NA
NA,NA,NA,NA,NA
NA,NA,NA,NA,NA
0.0037100206622465563,0.0033718104955001377,0.004285957918162962,3.4242726137146486e-4,0.047106283959196776
0.002260255486501986,0.0020266271191740496,0.002645720532735131,2.2687587751408602e-4,0.029019458622034172
NA,NA,NA,NA,NA
0.00351194115243406,0.003097643048125598,0.0040865107780569685,3.2562397959645553e-4,0.04528569168818867
0.0023182233572086545,0.0021391895189222646,0.002556454493926473,1.498559982735281e-4,0.029721840405050347
0.002871371915878198,0.0026053373455072557,0.003344026433386097,2.5971533003470105e-4,0.03533234681831437
0.0034969167498359838,0.0030480885765667787,0.003980404253701338,2.966656074253809e-4,0.04461412806842448
NA,NA,NA,NA,NA
NA,NA,NA,NA,NA
NA,NA,NA,NA,NA
0.0037408081157666267,0.003347931564603905,0.004081205429207393,2.67705449970924e-4,0.04814469292696606
0.0029272056479493934,0.0025796963126434634,0.003511135163523183,3.0848909137875055e-4,0.03547105284644775
NA,NA,NA,NA,NA
NA,NA,NA,NA,NA
0.0032214786627610564,0.002947137992298376,0.003469786405343499,1.9348851160863416e-4,0.03971651255705571
0.0027943575564029232,0.002615258008912513,0.0030633953454402606,1.7446030445777405e-4,0.03593264842625525
0.0026053803273307554,0.002305810980412871,0.002916976574015965,2.3982140748620754e-4,0.033462867309368566
0.003936519096791137,0.0035358358554622277,0.004289798055052141,3.254026372715576e-4,0.048684685922587956
NA,NA,NA,NA,NA
NA,NA,NA,NA,NA
NA,NA,NA,NA,NA
0.002358612243541989,0.0021304140854316424,0.002562549238098219,1.5901259113393685e-4,0.031278475389985426
NA,NA,NA,NA,NA
0.003458517336443241,0.0032027060067408896,0.003962934004430911,2.8909302561186265e-4,0.04362828265662624
NA,NA,NA,NA,NA
0.002509594864424471,0.0023332078749030436,0.0026898862759606634,1.4605839353709e-4,0.032373307579443907
0.003397617989674507,0.0031531964188820944,0.0036729414381129017,1.6485047342455723e-4,0.04379649425826345
0.0026750063752593715,0.002363710035667214,0.003111194940808965,2.84783876611906e-4,0.03522116328257226
NA,NA,NA,NA,NA
NA,NA,NA,NA,NA
0.0031936920742707616,0.003028599364584817,0.003456602119997176,1.6060816442577854e-4,0.04148526789657031
0.0023798545093490246,0.0021191845670224157,0.0026412956140653564,1.9114968476999876e-4,0.03106656095575444
NA,NA,NA,NA,NA
0.0034696791886990436,0.003060973167511836,0.003816041520573772,2.97261968261135e-4,0.0453771700368241
NA,NA,NA,NA,NA
NA,NA,NA,NA,NA
0.0031094073695273183,0.0028399288541187226,0.0036382534797603457,2.7685923762121075e-4,0.03964158280263326
NA,NA,NA,NA,NA
NA,NA,NA,NA,NA
NA,NA,NA,NA,NA
0.004258086901435019,0.003864000908340756,0.004590712205698291,2.6540696421998265e-4,0.05343685046575224
NA,NA,NA,NA,NA
NA,NA,NA,NA,NA
0.0038066579432489787,0.003414391834180561,0.004123955748294988,2.9862937707572044e-4,0.04862576638100366
0.003597310962513983,0.0031793080795360705,0.003957260714472933,3.3486082620687644e-4,0.04648572219978977
0.0033599958603872816,0.003093077658592427,0.0038058569364719046,2.4210792127502603e-4,0.04400049567823869
0.0025771360658011816,0.0023818714635718396,0.002830149068857829,1.5321776848052057e-4,0.03356813420508686
0.0033989381910062557,0.0030844145565037747,0.003918575817392296,2.9765775379015817e-4,0.04350337421416033
0.0032055856824837643,0.0028485769550565987,0.0037538711274662244,2.9418218872700574e-4,0.04042729917049178
0.0029162097410420735,0.0026674715966846624,0.003199382541581253,1.940704414522901e-4,0.03859662923448319
NA,NA,NA,NA,NA
NA,NA,NA,NA,NA
0.0024733000081019977,0.0021888410478209984,0.002809502702172106,2.3923580962610224e-4,0.03147864067476629
0.00312681992712376,0.0029072298242490027,0.0033270411024499055,1.4910380238382855e-4,0.041860157287750534
0.0014890990107507293,0.0013413252410450745,0.0017253225801362074,1.3316429158442966e-4,0.019773642554717495
0.00256334209033738,0.0023354273829697845,0.0029985652433073733,2.3164999242771326e-4,0.032030125430681004
0.0035359619158846734,0.003290082633164259,0.003838903799619428,2.1591227167919974e-4,0.04574666669265955
NA,NA,NA,NA,NA
NA,NA,NA,NA,NA
NA,NA,NA,NA,NA
0.0032444070908469996,0.0029252299357681376,0.0036103983278438713,2.599831719789398e-4,0.04164458982926053
NA,NA,NA,NA,NA
0.0033330167637812117,0.0030818068930877967,0.0035905930476581803,2.0742887903604557e-4,0.04251948557608019
0.0034992841076006828,0.003296663263745446,0.003886392702222411,1.9061739044646723e-4,0.04677062418906402
0.0037422688424972213,0.0033894833017516514,0.0040982069490551,2.4777182153367354e-4,0.047341130279209734
NA,NA,NA,NA,NA
NA,NA,NA,NA,NA
0.0025002051074811704,0.0023262634301608365,0.0027614109506688927,1.7421163527522862e-4,0.032257917405429694
NA,NA,NA,NA,NA
0.004977299797526212,0.004551352186393832,0.005523600433748778,3.291799211463422e-4,0.06379266604613229
0.0030300344247483255,0.002854123027513009,0.0032213470708321213,1.4038830967994648e-4,0.03973836593525684
0.004396203064662833,0.004093502779825509,0.004733085337273445,2.3712569776177412e-4,0.056622260150182964
0.0022063175541799105,0.0019574262761301465,0.0025126609757661115,2.129659381873352e-4,0.027923784711615114
0.0024261317178009344,0.002233193125796823,0.0027371580715316556,1.8860510783549062e-4,0.03124316627650758
NA,NA,NA,NA,NA
0.0026616560810891494,0.0024520982736825608,0.002970162325993058,1.8738362546769666e-4,0.03462106873074354
NA,NA,NA,NA,NA
0.002406787100377308,0.002251223802107121,0.002544636607773636,1.1914598437397799e-4,0.030923485496186676
NA,NA,NA,NA,NA
0.002489493486476647,0.0022688346043551405,0.0027472246100179306,1.8269907937329318e-4,0.032541584279979434
NA,NA,NA,NA,NA
NA,NA,NA,NA,NA
0.004350740609576175,0.003920694222654276,0.004688688434666743,2.939625485725623e-4,0.055609852782263644
0.0036840797355081603,0.0034481739539005897,0.004055431786511539,2.4111446314505197e-4,0.04673650985416758
0.0025394582906461015,0.0023120760015643265,0.002792990201458109,1.7655605437470428e-4,0.03354075561455012
0.002288364611694063,0.002106648346450815,0.0025955330540415947,1.5542542999268447e-4,0.03083070139177737
NA,NA,NA,NA,NA
NA,NA,NA,NA,NA
0.00256666360241954,0.0022710676967281134,0.0027966000815117403,2.2433485827873286e-4,0.03223929495430387
NA,NA,NA,NA,NA
NA,NA,NA,NA,NA
NA,NA,NA,NA,NA
0.0036687574182913997,0.0033585971180836653,0.0038926193422962776,1.9571009300405854e-4,0.046394101810943264
0.0029732200635877565,0.00267775044722467,0.0032660193275892415,2.3829783590059643e-4,0.0378719232697964
0.002793731015953203,0.0025461724337030025,0.0030458009379843343,1.8776694384975672e-4,0.03717535295903578
0.003839828215522311,0.003393735671403303,0.004252565810258629,3.03641938911307e-4,0.05027353380005335
0.003212475281691286,0.0030446483403143597,0.003480074724803257,1.5208773583897227e-4,0.0400784619135595
NA,NA,NA,NA,NA
0.0030888018929313955,0.002836496982732054,0.003402485272059192,2.2521425913642833e-4,0.0394760757312175
0.0027899610743905537,0.0024809446194836706,0.003181501324197279,2.7717399133797837e-4,0.03579578355437426
NA,NA,NA,NA,NA
0.0037125639671778694,0.0033549457754013345,0.003971313708200986,2.6194999530251416e-4,0.04623067010567655
NA,NA,NA,NA,NA
0.0026637096796602385,0.00244964001710052,0.002890111144085611,1.562173149583262e-4,0.03447573417828189
0.0023142057076481278,0.0020986467744950003,0.0025242520030282316,1.5997542070152537e-4,0.029597280313514225
NA,NA,NA,NA,NA
0.0036642493582761003,0.003382246579847381,0.00425888931381468,3.2544497411948655e-4,0.04644593307713014
NA,NA,NA,NA,NA
0.0037310997194873615,0.0033659208569632366,0.003939368958642818,1.761057127486825e-4,0.048582284706959675
0.0022607731551769197,0.002016765191692061,0.002482179298396045,1.973951557032493e-4,0.029410869678508866
NA,NA,NA,NA,NA
0.0017745499314375892,0.001580676532585315,0.0019868167620200818,1.4974677555938088e-4,0.022447792403822955
0.0027861720135892304,0.0024485417504034475,0.0031432909614257177,2.7533876183803273e-4,0.03457226312812822
0.003301202755898558,0.0030037072813711417,0.0037596671879489606,2.6693854660881906e-4,0.04219986935144582
NA,NA,NA,NA,NA
NA,NA,NA,NA,NA
NA,NA,NA,NA,NA
NA,NA,NA,NA,NA
0.003194520760617676,0.002946104201011454,0.0034065367688674735,1.8375051258028542e-4,0.0403708074574796
NA,NA,NA,NA,NA
0.003175892936517607,0.0029427299590514752,0.0035935552259080813,2.4825104613274406e-4,0.04012313356869716
NA,NA,NA,NA,NA
0.0029178403115902884,0.0026555253818197912,0.003218839877466641,2.0219338085875383e-4,0.036450030252699765
NA,NA,NA,NA,NA
0.004390416833267893,0.003988480021839225,0.005040722397221977,3.472227753583631e-4,0.05448873941689575
NA,NA,NA,NA,NA
0.0027806920308128856,0.0024810525076507943,0.0030743877008321246,2.509155074024688e-4,0.03578620043636171
NA,NA,NA,NA,NA
NA,NA,NA,NA,NA
NA,NA,NA,NA,NA
0.0027966080491579606,0.002548470894835637,0.003015553266837213,2.0469037350502988e-4,0.03669365094361266
0.0041220744937895985,0.003827264136752294,0.004507006519121315,2.1336301194309744e-4,0.053088294947718384
0.0037281012376676153,0.0034285500507758152,0.004072838587387416,1.9301921410550755e-4,0.049564379573960156
0.004251758959486471,0.0039060116016817288,0.004666102575797217,2.648197097592079e-4,0.05530051860532307
NA,NA,NA,NA,NA
NA,NA,NA,NA,NA
0.004175514142442163,0.003905656822783033,0.004644882925520286,2.5399174394598117e-4,0.05603102939183952
0.005467903987283628,0.005044678722421467,0.006117299313836077,3.5036287461256277e-4,0.06737183692025735
NA,NA,NA,NA,NA
0.003958264539609285,0.003685454708400091,0.004648177958607175,3.238171788382172e-4,0.05154944040525175
0.0029583660858948815,0.0026760723664065794,0.0031901788924616993,1.8814316509815687e-4,0.03905588248501983
0.002443743298908242,0.00224297954909157,0.002818403270859172,2.1314230646574264e-4,0.030609438444099864
0.002354570293519576,0.002124735712910926,0.0026949174949839776,2.184476530464651e-4,0.030838307191709824
NA,NA,NA,NA,NA
NA,NA,NA,NA,NA
NA,NA,NA,NA,NA
NA,NA,NA,NA,NA
0.004010557174846077,0.0036608929684406157,0.00453158197717893,2.8869356397562626e-4,0.05214013514683458
0.0027229518139335086,0.0024997953226375083,0.0029854803670858396,1.543644717715173e-4,0.03412487486234711
NA,NA,NA,NA,NA
NA,NA,NA,NA,NA
0.002628351344164966,0.0023984745344409336,0.002796008384290007,1.591617501408977e-4,0.03326564749825149
NA,NA,NA,NA,NA
NA,NA,NA,NA,NA
0.0030654749832960994,0.0027805350038457377,0.0034082998141956814,0.00022087867657833108,0.04072194514803023
NA,NA,NA,NA,NA
0.0032499124889528363,0.002967961905865296,0.0036708677730468,2.4756597943180133e-4,0.04419640350282423
0.0024186646207948774,0.002215160439727948,0.0026135539770593286,1.5490210141171293e-4,0.030108157094023258
0.003349689002881814,0.00309556439228209,0.0037133452111693427,2.2062302227940752e-4,0.04418883636988321
0.0034898955987503963,0.003196695145104826,0.0040246380461319954,3.068659326806489e-4,0.043103958964577256
NA,NA,NA,NA,NA
NA,NA,NA,NA,NA
0.004516609698694808,0.004154177489564282,0.004792277993849079,1.955748778891846e-4,0.05667422518122857
0.003769584892707989,0.003341308201013965,0.00426419284320123,3.323713478884603e-4,0.04828474337615187
NA,NA,NA,NA,NA
NA,NA,NA,NA,NA
0.004616822366145729,0.004266149958586564,0.004962628515652293,2.158678284700237e-4,0.059808796231730944
NA,NA,NA,NA,NA
0.003852570684636996,0.003564952120144584,0.004260010779694454,2.620205281872873e-4,0.04846404540727569
NA,NA,NA,NA,NA
NA,NA,NA,NA,NA
NA,NA,NA,NA,NA
0.003444396388647208,0.00314823895185528,0.0037978702875733975,2.2633522975326018e-4,0.043643326923625034
0.0021390375132796856,0.001924413395469867,0.0023410609620557583,1.598816046964148e-4,0.027299911962159706
NA,NA,NA,NA,NA
0.0031800228430214493,0.0029240979828603435,0.0035244575278333577,2.183131736221616e-4,0.04031355915629748
NA,NA,NA,NA,NA
NA,NA,NA,NA,NA
0.0032610939515016614,0.003002259287203161,0.003511040090202414,1.9802024353592944e-4,0.041015088711397946
0.0034313391423972423,0.0031714142046708528,0.0036447474688818863,2.0489916487820078e-4,0.042913266316475865
0.0037629969763542897,0.003443790307440023,0.004427134546844907,3.506381356219859e-4,0.04671323390256549
NA,NA,NA,NA,NA
NA,NA,NA,NA,NA
0.003574925014843185,0.0032562336266797106,0.0038610225934731838,2.589844797025477e-4,0.04566960660465957
0.0020187567698210667,0.00185510842304604,0.002168083933129055,1.1084115828794328e-4,0.02702677244467544
NA,NA,NA,NA,NA
0.002824928683851583,0.002556372523531598,0.0032277152746800737,2.441875735245326e-4,0.03576031553036098
NA,NA,NA,NA,NA
0.00366970572742792,0.003364550569907649,0.0040177173025489335,2.2829645515791235e-4,0.04604923282670131
NA,NA,NA,NA,NA
NA,NA,NA,NA,NA
NA,NA,NA,NA,NA
NA,NA,NA,NA,NA
0.004431787647976693,0.00393849493677054,0.0047522291331742825,2.878252675872601e-4,0.055145740699106514
NA,NA,NA,NA,NA
0.0029722117816207254,0.0027170101314895386,0.003225378497180393,1.85437048195456e-4,0.03833400396877643
0.003660833977149189,0.00331685870679244,0.0041367607076059,2.8369328778578973e-4,0.04492867246739474
NA,NA,NA,NA,NA
0.0028870900845577646,0.0026152400449302626,0.0032787269368050784,2.474154636897204e-4,0.036813199602047764
NA,NA,NA,NA,NA
NA,NA,NA,NA,NA
0.0036260468011057594,0.003341194434440656,0.004114737805123879,2.6884768231949567e-4,0.04492938749169027
NA,NA,NA,NA,NA
0.0032059270406561043,0.0030214495642821304,0.0034570106556655444,1.582331251690783e-4,0.041686873793426456
0.003404609689979929,0.00306611263998706,0.0036537950912548765,2.1507841395369695e-4,0.04331787667099104
NA,NA,NA,NA,NA
NA,NA,NA,NA,NA
0.003010625032030193,0.002727331049896641,0.003330819357490972,2.3898526283997642e-4,0.038959582948435934
0.0027596190617323606,0.0025436601228164494,0.0030579506701554314,1.7927215233903206e-4,0.03534599647250886
NA,NA,NA,NA,NA
NA,NA,NA,NA,NA
NA,NA,NA,NA,NA
NA,NA,NA,NA,NA
0.0031891212799788713,0.002946906793970134,0.0037337692270685103,2.82730963467827e-4,0.04271788905771902
0.0033006776074510484,0.0029849389707627275,0.0035909845733848823,2.495251776928047e-4,0.04096551869221744
NA,NA,NA,NA,NA
0.0021461062062831508,0.001966091961171478,0.0023422011476637392,1.4552678507971057e-4,0.0288710863364761
NA,NA,NA,NA,NA
NA,NA,NA,NA,NA
0.00274903719145485,0.0025308540196138695,0.0030303672359767793,1.6224334252943064e-4,0.03514556258581146
NA,NA,NA,NA,NA
NA,NA,NA,NA,NA
NA,NA,NA,NA,NA
NA,NA,NA,NA,NA
0.0024547355747226696,0.0021742716604509246,0.002696334916124496,1.9352120440293272e-4,0.03141987744181952
0.002229655944056637,0.002000995624464935,0.0025229422616526898,2.0087781367682494e-4,0.027916564936448892
0.004320600921021645,0.003815094963740669,0.004896205368379868,4.1223142752034794e-4,0.05358075780220404
NA,NA,NA,NA,NA
0.0033989418921809263,0.003178529397427438,0.0036932699483279425,1.7977159673931135e-4,0.04466834246039565
NA,NA,NA,NA,NA
0.0034269534091304144,0.00309884756312246,0.0036545169009322633,2.1220205191988502e-4,0.04377215435504191
0.0031957817256516564,0.0029284437635710057,0.0034525281462328273,1.9077233691917387e-4,0.04089990653977324
NA,NA,NA,NA,NA
NA,NA,NA,NA,NA
0.003417005775994821,0.0031960890114462836,0.0036957941637862255,1.8103358651568336e-4,0.045324355394417655
NA,NA,NA,NA,NA
0.003668404876202188,0.0034288123281281135,0.0038541344551403186,1.3264545049572563e-4,0.047569089838382005
0.0038075327071474658,0.0035464304040502964,0.004049820647654739,1.7540307404375445e-4,0.0485854438249824
0.0017470944377450588,0.0014983291823309562,0.0019514376948342493,1.7340636657413427e-4,0.022528786145154207
NA,NA,NA,NA,NA
NA,NA,NA,NA,NA
NA,NA,NA,NA,NA
0.002199571393065321,0.002033970909359665,0.0024406644297451357,1.5047517342453953e-4,0.027425688130356656
0.003866150350066777,0.0035318379169020143,0.004166834715236408,2.2914781261747892e-4,0.04844662991254859
NA,NA,NA,NA,NA
NA,NA,NA,NA,NA
NA,NA,NA,NA,NA
NA,NA,NA,NA,NA
0.003369888978105198,0.0030252775877670107,0.003824724538453616,2.59972890881453e-4,0.040864762440899885
0.002262932397400477,0.0020319844572752655,0.002559348968832323,1.929607443632784e-4,0.02932745516113301
NA,NA,NA,NA,NA
NA,NA,NA,NA,NA
NA,NA,NA,NA,NA
NA,NA,NA,NA,NA
0.003922403213134254,0.0037262261689051603,0.004337569062912502,2.0773626992040417e-4,0.051293543386831675
NA,NA,NA,NA,NA
0.004219957507665664,0.003926720711052317,0.004673549804468865,2.63699679440158e-4,0.05269645295742796
0.003524587042766278,0.0031645305387133674,0.003890061840618166,2.956928251748076e-4,0.04596384518453689
0.0032381929309172972,0.0030277334697408134,0.0034537494499769098,1.5848386184384635e-4,0.04333745041958824
0.004502177804674097,0.004153630135273323,0.005052798285207783,3.079636153222405e-4,0.05660628141659756
NA,NA,NA,NA,NA
NA,NA,NA,NA,NA
NA,NA,NA,NA,NA
0.0022182908463408767,0.0020300419396786264,0.0025403562400858008,1.7233610608426958e-4,0.029419520902080217
NA,NA,NA,NA,NA
NA,NA,NA,NA,NA
0.004220717505397918,0.0038866228216341667,0.004547035029897711,2.0954054074597727e-4,0.05603935723163658
0.002531790837505335,0.002211462308361902,0.002789417135755225,2.2664806605456706e-4,0.03288297915350124
NA,NA,NA,NA,NA
0.003617511027071004,0.0033149809729677007,0.004086992427205821,2.599428512710464e-4,0.046779496918729895
NA,NA,NA,NA,NA
NA,NA,NA,NA,NA
NA,NA,NA,NA,NA
0.0024990316028039635,0.0022950374927088947,0.0027625931478681407,1.747255387446069e-4,0.0333794437646737
NA,NA,NA,NA,NA
NA,NA,NA,NA,NA
0.002612831382906221,0.002362440404494383,0.003025843659767069,2.4795150751399844e-4,0.03269740133617002
0.004207514317961945,0.003681016906240224,0.004723730373527952,3.9716293716221887e-4,0.05258412886228161
NA,NA,NA,NA,NA
NA,NA,NA,NA,NA
0.002341300136944377,0.001999661810462157,0.0026053069551006287,2.4756235158759183e-4,0.0296664274150155
NA,NA,NA,NA,NA
0.001973716667613358,0.0017412856434401616,0.0022225717100646113,1.876636940228744e-4,0.024545615104384143
NA,NA,NA,NA,NA
NA,NA,NA,NA,NA
NA,NA,NA,NA,NA
NA,NA,NA,NA,NA
NA,NA,NA,NA,NA
NA,NA,NA,NA,NA
NA,NA,NA,NA,NA
NA,NA,NA,NA,NA
NA,NA,NA,NA,NA
NA,NA,NA,NA,NA
0.003209572531530094,0.002944428193972836,0.003538205325011727,2.0192997103883734e-4,0.0399224323944039
NA,NA,NA,NA,NA
NA,NA,NA,NA,NA
0.004904259406064566,0.004566228532051199,0.0051401376861451124,2.217905858618052e-4,0.060335355514896584
0.0034479183478099227,0.0031137803241481693,0.004083748793641619,3.461867431288535e-4,0.043183364636367606
NA,NA,NA,NA,NA
0.0040002201476990904,0.003756784878105202,0.004237796716499663,1.7279627511913536e-4,0.05394635063497978
0.0023611101433977464,0.002131068943296443,0.0026095186937565395,1.9111626408798528e-4,0.03048322667416261
0.0034776451087208393,0.0032161410735695407,0.0038105492188807944,2.2566708310011376e-4,0.04383851272871987
0.0022240375648928503,0.002015273824321885,0.0025225821234482397,1.7117796544196276e-4,0.029175740075458707
0.0024541409988808748,0.002273536511161256,0.002839346549665212,1.931958280335654e-4,0.03205554013901126
NA,NA,NA,NA,NA
0.0027984559382461423,0.0025228469314408034,0.0030743157878130568,2.076568946671658e-4,0.035786331804016504
0.0024189600148538616,0.002260324292500911,0.0025772580495599206,1.1949028349035926e-4,0.031206861252885465
0.003791420876336502,0.0035155339452163092,0.004121294022483282,1.73645012291293e-4,0.04979154721927798
0.002670181115187982,0.0024042138823578587,0.0030498829077758444,2.2442081814321604e-4,0.03336200943407017
0.0035559955512297985,0.003326252706713022,0.0038944485665088797,1.9328237176488588e-4,0.04493777272056214
0.0025942979895382154,0.002281111799406454,0.0028498494637893817,2.1969110853342232e-4,0.03401822639461014
0.004000368064715114,0.003667691998844105,0.004586482302364287,3.2470014632941016e-4,0.053129251870594286
0.002981061876176871,0.0026736446795651136,0.0034079292352686085,2.5967540942333135e-4,0.03769063996074623
0.0041241203570561245,0.00380881474797951,0.004395529193672835,2.348850116083814e-4,0.052102862030229104
NA,NA,NA,NA,NA
NA,NA,NA,NA,NA
NA,NA,NA,NA,NA
0.002936196193765468,0.0026608856051897264,0.0031836829355471365,2.2169287761483506e-4,0.03791120575910299
NA,NA,NA,NA,NA
NA,NA,NA,NA,NA
0.0032804758822458737,0.002991413883354152,0.0038148831350396585,2.682123784962268e-4,0.041517545082651194
NA,NA,NA,NA,NA
NA,NA,NA,NA,NA
NA,NA,NA,NA,NA
0.0027077279011123298,0.002458880347797335,0.003046489312604211,2.1309750782385364e-4,0.03331805959105794
NA,NA,NA,NA,NA
0.002925981486163472,0.002634643240323119,0.0032420204285384126,2.404161185050914e-4,0.03715427518638781
0.0014093454761526282,0.0013032643516261142,0.0015941814042154342,1.06675782195757e-4,0.018791786053991587
NA,NA,NA,NA,NA
0.0032549516706603613,0.002904818582465833,0.0039493397485769206,3.49475317028864e-4,0.04088703858281876
NA,NA,NA,NA,NA
0.004483732667426203,0.004145370603051225,0.004753580171664587,2.101798047885897e-4,0.058604862043358054
0.004232976926554673,0.0038866018607225075,0.0046368960920991934,2.61606227218728e-4,0.05450715755360637
0.003968697960593655,0.003648852945779621,0.004414530649176272,2.482114486849774e-4,0.051202638990283794
0.003664420243717341,0.0034135697749710864,0.003971622506581421,2.0053973070806712e-4,0.048312322920304455
0.0035368452909801196,0.0032507764197297474,0.0038190503937481856,1.8682017942821258e-4,0.045106453329140435
0.002829881096319818,0.0024664103216389998,0.0031604882608401593,2.7292878173546084e-4,0.03436128085973536
0.004133237802650739,0.003717396702831741,0.004711862671178246,3.3795539990573805e-4,0.05034419839606719
0.00219503668650446,0.0019292941008879887,0.0025779925712260225,2.220558356103682e-4,0.027188075457215435
0.0026322532858308175,0.002299343398785308,0.002886206201471874,2.38040597102884e-4,0.03235821722846449
0.0024606471255927166,0.0022903564421131242,0.002609850005554318,1.1429234331096158e-4,0.03174603027062867
0.0024298583388408213,0.002212410018690345,0.0027249099494736943,1.8800617200664688e-4,0.03085534418633054
NA,NA,NA,NA,NA
0.0017072842729644062,0.0015507684069020458,0.0020225975738035968,1.776462136480852e-4,0.021916578133900237
0.0025418340951225775,0.002313029298174643,0.0029921100085743032,2.328606880122207e-4,0.0338984771219034
NA,NA,NA,NA,NA
NA,NA,NA,NA,NA
0.002893432905381555,0.0026412240399225255,0.003416260755000516,2.570949884821306e-4,0.036340172301387766
0.003102158389456387,0.0027723733446755835,0.0034384642174672846,2.5872958132500053e-4,0.03919548076370672
NA,NA,NA,NA,NA
0.0029965232803521136,0.0026331531297845317,0.0035738681212389095,2.895663105114259e-4,0.03817658522078286
NA,NA,NA,NA,NA
NA,NA,NA,NA,NA
0.0015724063794568912,0.0014029452703813112,0.0017236599335417758,1.3628951686534056e-4,0.020912868907904038
0.0030056045724476035,0.002712395288062469,0.003480451451262069,2.8127438083385857e-4,0.038383036375469345
0.0030345065180232313,0.0027891237174548418,0.0034757104568719547,2.2401970238889265e-4,0.038054095320055416
NA,NA,NA,NA,NA
NA,NA,NA,NA,NA
NA,NA,NA,NA,NA
NA,NA,NA,NA,NA
NA,NA,NA,NA,NA
NA,NA,NA,NA,NA
0.0025094139890724423,0.0023338770764355873,0.0026942228800881486,1.4280984481941452e-4,0.03241014834505403
0.004381467381399454,0.0040423967560089666,0.004951099570815675,2.7652373985167014e-4,0.05359751261845771
NA,NA,NA,NA,NA
NA,NA,NA,NA,NA
0.004276004180637025,0.0038688826962536673,0.0048705101166641165,3.2304321840254894e-4,0.05292162446081458
0.0024304916755683147,0.0021761937612101274,0.002790408821110983,2.259986384862378e-4,0.030823420855348737
0.0029821335024615096,0.002758510027600286,0.0035291504512496475,2.7247231981964093e-4,0.03705354414702596
NA,NA,NA,NA,NA
NA,NA,NA,NA,NA
NA,NA,NA,NA,NA
0.003387382126782087,0.0030736034542267793,0.003572360468707628,1.62524360943428e-4,0.043533478872327315
0.0020642926552488757,0.001879261884398296,0.0022269730581236627,1.2732790918538385e-4,0.026234547189873378
0.003167536226565284,0.002979272813234825,0.0034716716842892966,1.8528893712142877e-4,0.04023235856792753
0.0039175602081782755,0.0037041150719625457,0.00419807809711859,1.6119430776200927e-4,0.052574120115749516
0.0028770117005809896,0.0025732080857104813,0.00315728152882772,2.2306022815032548e-4,0.03720384937537968
NA,NA,NA,NA,NA
0.002160225481662951,0.0018888689567526493,0.0025160360508474124,2.3398637549745514e-4,0.028267450336684617
NA,NA,NA,NA,NA
NA,NA,NA,NA,NA
0.0030416250115349384,0.0028080637640052193,0.0032277366893244874,1.50751367221898e-4,0.03954597405691721
0.0043626730607155,0.004166130625749425,0.004785228339481708,2.1117554376500662e-4,0.056420415139562814
NA,NA,NA,NA,NA
NA,NA,NA,NA,NA
NA,NA,NA,NA,NA
0.003662213221326148,0.0034090113310921723,0.004069057506729116,2.301554755762784e-4,0.04706745966077549
0.00419273592468135,0.003836704479871633,0.004737593421398864,3.1147369156902757e-4,0.05211196711093457
NA,NA,NA,NA,NA
0.0033638785078681037,0.0030197083619814464,0.003997631071397843,3.356527817854068e-4,0.04270809475024753
0.0039548281953053835,0.003548179585096824,0.004353650907235707,3.283392745434479e-4,0.04932475722681626
NA,NA,NA,NA,NA
NA,NA,NA,NA,NA
0.0023598375353405306,0.0020843020279676635,0.0027124438960727222,2.3691754049554663e-4,0.030446580518335774
NA,NA,NA,NA,NA
0.002241074568283484,0.0020077352315657133,0.0024462117838206007,1.8871325380411563e-4,0.029022202656282865
NA,NA,NA,NA,NA
0.002625187726326345,0.0024581119553207563,0.0028631567184743217,1.4057210787338147e-4,0.03387756266023409
0.0022457550496591573,0.002016991369427498,0.0024253349299022614,1.6225148295213052e-4,0.028596689553221505
0.003923091763139701,0.003676550883986298,0.004485922904659076,2.8920772546136306e-4,0.049989661732357506
0.0022125976549852685,0.001988240965884123,0.0024219863529722236,1.58367440712398e-4,0.02964207406688597
NA,NA,NA,NA,NA
0.0030685216188244386,0.002816277747161492,0.0033647702807307217,1.9541724657616186e-4,0.040025114896749155
NA,NA,NA,NA,NA
NA,NA,NA,NA,NA
NA,NA,NA,NA,NA
0.0037819500689917716,0.0034346732617517414,0.00421863000098092,2.5851807155411583e-4,0.04731311034173258
0.00226596208395135,0.0021142490182604534,0.002509247263226551,1.390015105719364e-4,0.028936711554825193
NA,NA,NA,NA,NA
0.0033552550479686353,0.0030917041678047313,0.0037165027587655014,2.416953058379543e-4,0.041564123572854675
NA,NA,NA,NA,NA
NA,NA,NA,NA,NA
NA,NA,NA,NA,NA
0.0022748635840879423,0.002035348582959676,0.0026226274363863843,2.1728223921272294e-4,0.028321328629947243
0.0049032951649897235,0.004471744554799597,0.005563851832005047,4.2680158563747247e-4,0.05860228781266863
NA,NA,NA,NA,NA
NA,NA,NA,NA,NA
NA,NA,NA,NA,NA
0.0024701862456733654,0.002238382166117418,0.00296620027300655,2.4687167892397516e-4,0.031600293479039414
NA,NA,NA,NA,NA
0.004244141156404133,0.0039134977482835134,0.0046285505525258865,2.1620232983774962e-4,0.05588188582694456
NA,NA,NA,NA,NA
NA,NA,NA,NA,NA
NA,NA,NA,NA,NA
0.00476644465706766,0.004409256633609727,0.005219844619857352,2.9646511527351815e-4,0.0596665207915086
NA,NA,NA,NA,NA
NA,NA,NA,NA,NA
NA,NA,NA,NA,NA
NA,NA,NA,NA,NA
0.0032098212869898536,0.0030007582500288193,0.0034835852449354864,1.8209004173850738e-4,0.040215318985524905
0.0027260682239437666,0.0024939832868675575,0.00304270074275971,1.8234333467357259e-4,0.035953070639801736
0.004203620784615432,0.003767029383750658,0.004743571771565855,3.400856321574899e-4,0.0538963200109504
NA,NA,NA,NA,NA
NA,NA,NA,NA,NA
NA,NA,NA,NA,NA
NA,NA,NA,NA,NA
0.004201857016824311,0.003907559474583067,0.00440102614944397,1.6792210332524006e-4,0.05389837283135895
0.0040398839524789865,0.003688736717204776,0.0045881236221016015,2.98156042389607e-4,0.05194930980078354
NA,NA,NA,NA,NA
NA,NA,NA,NA,NA
0.002837566749081591,0.0026201636316225347,0.003231159926013523,1.857264153197971e-4,0.03580263620924413
0.0030037127726549244,0.0026635554054124325,0.0032922256029998876,2.442029953978844e-4,0.03717442323416736
0.0035205266892767437,0.0031488534179620986,0.0038981817607381905,2.878071023873133e-4,0.04468645129708835
0.0026546332091295023,0.002380673702427005,0.0028552464703197364,1.9155971679972076e-4,0.034195933668192534
0.0029796678123391795,0.0027254372053755445,0.0032473117190019666,1.8210297356699846e-4,0.038791742269288734
0.0029429838995563467,0.0027200369309045127,0.0032745023079570265,2.268763636445853e-4,0.03588382919084636
NA,NA,NA,NA,NA
NA,NA,NA,NA,NA
NA,NA,NA,NA,NA
0.002114360901936502,0.001945130957707682,0.002285004554902834,1.3723572638491856e-4,0.027587859423769786
0.002584547751739425,0.0023113887368585158,0.002785035883750847,1.9195452659412032e-4,0.033147129277255535
NA,NA,NA,NA,NA
NA,NA,NA,NA,NA
NA,NA,NA,NA,NA
0.003855005494473477,0.003512199290841626,0.004218014721034898,2.3886982389644722e-4,0.04856769013545028
0.003324513125787379,0.0029163747416448113,0.003675722543237876,3.031824687447229e-4,0.0434822029449254
NA,NA,NA,NA,NA
0.0029735413681981127,0.002637848422365858,0.0032577562584493766,2.5309609435294854e-4,0.03867739097784027
0.0020396600300443945,0.0018314831537647707,0.0023118222580288126,1.7178602455310694e-4,0.026226285075512622
0.004643521252895795,0.004091880201802347,0.005067459376829631,3.432525472466416e-4,0.05791147502086854
NA,NA,NA,NA,NA
0.004114135096377404,0.0038549651246558643,0.004366038008396473,1.907317259624942e-4,0.05090761332395817
NA,NA,NA,NA,NA
NA,NA,NA,NA,NA
NA,NA,NA,NA,NA
0.0023742370323319812,0.0021341083477609264,0.0027295131237105555,1.9393002899608373e-4,0.031154373347026428
0.0035189186510219605,0.0031629238092624728,0.0041217807670404245,3.038579008382724e-4,0.04417029141843748
NA,NA,NA,NA,NA
NA,NA,NA,NA,NA
NA,NA,NA,NA,NA
0.0033634320983709862,0.0030071538197276476,0.0038480073502517244,2.874773718395713e-4,0.04419917177583085
NA,NA,NA,NA,NA
0.0025532458630888504,0.0022775328497068085,0.003016413980771996,2.3925568142938713e-4,0.03258589406483347
0.002574485447105835,0.0022635766069329607,0.0029008374533704283,2.471276745494909e-4,0.03144242384273407
NA,NA,NA,NA,NA
NA,NA,NA,NA,NA
0.004650213324057829,0.004282687362438927,0.004931898925513078,2.4587149075366177e-4,0.060139195254138855
0.0022859153844111864,0.002047397903932249,0.0024831293619021607,1.7654573552297874e-4,0.02900126471741077
0.0031512321902039757,0.0028899448567436966,0.003593656697609277,2.5487005535144454e-4,0.03917744930600358
0.003581901048488884,0.003310639172091979,0.004145010488623852,2.81995535514161e-4,0.04666562888266812
NA,NA,NA,NA,NA
NA,NA,NA,NA,NA
0.0022094996946376965,0.0019722554146707613,0.0024618357039529106,1.8487041939372115e-4,0.027547797310950348
0.003920241800397509,0.0035325652066245643,0.004466769960044883,3.210085128611582e-4,0.048834672206410384
NA,NA,NA,NA,NA
NA,NA,NA,NA,NA
0.004788497473655488,0.004394384549676002,0.005119427817290605,2.3727466627400634e-4,0.0593701938220631
NA,NA,NA,NA,NA
NA,NA,NA,NA,NA
NA,NA,NA,NA,NA
0.0018568658788287202,0.0016897708228489857,0.002057909654164962,1.4294405663869912e-4,0.024651879065189865
0.0033022637907401623,0.0029531507377718934,0.003746501550365452,2.622196887674648e-4,0.04280399775896657
NA,NA,NA,NA,NA
0.004128649838706384,0.0037677896614048234,0.004604234782505003,2.9677807918748186e-4,0.05210205275958714
NA,NA,NA,NA,NA
NA,NA,NA,NA,NA
NA,NA,NA,NA,NA
NA,NA,NA,NA,NA
0.003679647424738109,0.0033669444161079937,0.0041917499873276205,2.8565216886496293e-4,0.048687072988596675
0.002466359459623596,0.0023060949516106287,0.002867054282109285,1.9767159103297916e-4,0.03151842529258534
NA,NA,NA,NA,NA
0.003933283012240351,0.0036104770775918153,0.004216299416775332,2.1232893386128945e-4,0.05164190099501216
0.0048342015837096585,0.004351549947568544,0.00553441066842319,4.1762516882514194e-4,0.060625909200346294
0.003289339418206097,0.002926377426997757,0.0035985435567953343,2.583098887785998e-4,0.04233591785686134
0.003239809912180881,0.0030269916225822693,0.0034413656706251943,1.4837148557745295e-4,0.04275561397856906
0.0031989413082373058,0.0029112261107052677,0.0034579142796597132,2.000102009132069e-4,0.04133754977243739
0.004065826671280866,0.0037129706484251273,0.0045312702442319806,3.0511277821999855e-4,0.05062040991311572
0.0029229268093947628,0.0026179255722166674,0.003201435888707712,2.077477388615053e-4,0.03768534213261417
0.004297475626021288,0.003954000179896091,0.004726716908979136,2.8279123344689865e-4,0.05372455334971988
NA,NA,NA,NA,NA
0.0038384743173112655,0.003496702702696249,0.004286284499253835,2.898982355229452e-4,0.04938459515905679
0.0024895602667544385,0.002256460196409346,0.0027385801884259823,1.9378045343536974e-4,0.031243780511706367
NA,NA,NA,NA,NA
NA,NA,NA,NA,NA
0.0028749450804159593,0.0026751721432765148,0.0030823356736830636,1.6368694748272907e-4,0.03606305626819806
NA,NA,NA,NA,NA
NA,NA,NA,NA,NA
0.0029117582850643003,0.0026098272233508395,0.0034677913991885837,3.0944844861485136e-4,0.037358381720116476
0.004155957058810135,0.0038434899776234595,0.004437026887510691,1.9872084005267542e-4,0.05439130712916424
0.003439151012820837,0.003194449783067025,0.0036249978835833675,1.65121386570483e-4,0.044355066731651564
NA,NA,NA,NA,NA
0.0027977804045334867,0.002448812201037964,0.003079156431678108,2.6298489926991327e-4,0.034532039552622046
0.0034716098302427028,0.00318467269750502,0.0037177699159528376,1.8462624699519317e-4,0.045731771939624126
NA,NA,NA,NA,NA
NA,NA,NA,NA,NA
0.00316476360826924,0.0028639539560352608,0.003549892714382431,2.0472992954698307e-4,0.041612898400814655
0.002873342671460979,0.0026554702654485035,0.00311422004173744,1.508235058245299e-4,0.03740298440326487
0.003202569942352229,0.0029386930754620876,0.0034569133215441904,1.8976009764263443e-4,0.042063121773300856
NA,NA,NA,NA,NA
0.002587527872984501,0.0023581284262302773,0.002791300356132979,1.8104367737596915e-4,0.03352884278196303
NA,NA,NA,NA,NA
0.0034938449239096713,0.0032623912839485057,0.003693890263651249,1.5146780120905016e-4,0.044901136267201616
0.003719280480135612,0.003341631331867192,0.004071448574478349,3.1030710060727995e-4,0.04735236214234077
0.0035006971202652683,0.003124658365322515,0.0038584996396757733,2.528735162011774e-4,0.04585993605995052
0.0038713228887569807,0.0035172058945444878,0.004176216988101268,2.590758569929375e-4,0.04981002829887895
NA,NA,NA,NA,NA
NA,NA,NA,NA,NA
NA,NA,NA,NA,NA
0.0030432644877255483,0.002744485644600335,0.0033067372326833757,2.1161276036718135e-4,0.03906652984276938
0.002423070828811049,0.0021459404991971405,0.0027551450800387964,2.530051784962779e-4,0.031187144146608815
0.003762708612334006,0.0034036966556326258,0.004076787385251786,2.8208045011179276e-4,0.04727649544874714
NA,NA,NA,NA,NA
0.0027560479991689114,0.0025087695971823384,0.003000355356933912,1.9512547488134203e-4,0.03386106245522179
0.0028313261079062017,0.002538313753279506,0.0031329994510276887,2.157672595349659e-4,0.037253463781873185
0.003870295889136237,0.0035740443147481735,0.004256147286314197,1.9410277656935936e-4,0.049692722018335994
0.0030375180794902294,0.0028297555530422407,0.0032878329896888227,1.668874020066888e-4,0.03939924235669029
0.00156747638988041,0.0014279376587400308,0.0017940936490526776,1.2262630688225493e-4,0.02055092597577184
NA,NA,NA,NA,NA
0.002967466557170449,0.002728104411300309,0.003283688492439888,2.1512651031167193e-4,0.03793064580713227
0.0026183578303706516,0.00241341214044832,0.0028483940701754164,1.6986750348005895e-4,0.03337547692378411
0.0021276803691655105,0.0019850416783768515,0.002321358428835352,1.068251976258653e-4,0.029107080585390098
NA,NA,NA,NA,NA
NA,NA,NA,NA,NA
0.0027133189807108174,0.0024569954840603695,0.0029223003242574903,1.717140323731677e-4,0.03489420840799484
NA,NA,NA,NA,NA
0.004114799099440447,0.0038674585343250294,0.004717159590174148,2.86349131676678e-4,0.050964982598219674
0.0021704933141341444,0.001960373142268106,0.002451893344374087,1.9489134909375153e-4,0.02837842506827375
NA,NA,NA,NA,NA
0.00299413300714613,0.002630527456263185,0.0034614411420863934,2.6862132481736655e-4,0.03809873907504909
0.003140581454090313,0.002943501603064331,0.0035958771819131594,2.1501459074159488e-4,0.04020416308300556
0.0034748533728800107,0.0031920130299149755,0.0038025106156707347,2.2336103235853219e-4,0.04294487500586828
0.003324502005389736,0.0029443107361791774,0.003744519947168788,3.3251653476234024e-4,0.04231620958905234
NA,NA,NA,NA,NA
NA,NA,NA,NA,NA
0.0037361958847720216,0.003444471731745957,0.004071226668482415,2.563722479823236e-4,0.047208328567725395
NA,NA,NA,NA,NA
NA,NA,NA,NA,NA
NA,NA,NA,NA,NA
0.00503000853220288,0.004794923278941835,0.005439834044297441,2.1009947596153364e-4,0.06261523156696829
0.003580397585167398,0.003285389960163758,0.004108914685097933,2.863669298188782e-4,0.04570239736144607
0.0022343050107216165,0.0020562813640269133,0.0025686726920436274,1.7877085286402566e-4,0.02816918267695621
0.0035910763236700065,0.003272639935988736,0.0038924053082932102,2.193715882028176e-4,0.047646112298038834
NA,NA,NA,NA,NA
0.003448584278646541,0.003072902204513138,0.003820524158752288,2.856355708234513e-4,0.04329512800732324
0.0024723238438613617,0.002217889690514831,0.0026958194229335345,1.841829443034247e-4,0.03187479379731469
0.0019548137352059045,0.0017765098037412902,0.002303122321600673,1.861781705661879e-4,0.0243930923879174
NA,NA,NA,NA,NA
0.0029266212156085565,0.0027038562280059424,0.0032585744745568398,1.7604138468005326e-4,0.03697750945145662
NA,NA,NA,NA,NA
NA,NA,NA,NA,NA
0.0022450517230531153,0.0020607834124514025,0.0026058625885245607,1.8065565794577975e-4,0.029251163145305695
0.0038081868827585974,0.003441526601820351,0.00409852432629448,2.133843780222977e-4,0.050948734724028465
0.002749824006942777,0.0024220019010978305,0.0030763089891581007,2.744630950283141e-4,0.036470562320429015
0.0025828424206073147,0.0023714531291949255,0.0028065758274746534,1.6157534062534917e-4,0.032504513719276006
0.0030967237735504746,0.0028127046037896507,0.003400244066870336,2.1224715511726323e-4,0.04028624557337061
0.0024640261605952548,0.0022862572602653504,0.0027955700147673417,1.5350517956261707e-4,0.03207769741974822
NA,NA,NA,NA,NA
NA,NA,NA,NA,NA
NA,NA,NA,NA,NA
NA,NA,NA,NA,NA
0.002146769662408598,0.0019468852403444392,0.002318885579606079,1.3620460220518861e-4,0.028026239547841433
NA,NA,NA,NA,NA
NA,NA,NA,NA,NA
NA,NA,NA,NA,NA
NA,NA,NA,NA,NA
NA,NA,NA,NA,NA
0.0035480273949203022,0.0033025870581506077,0.0040131685253281335,2.7674821577903895e-4,0.04674075431557452
0.0030890930797781,0.00289118682029427,0.0033511627457920926,1.7963026924096566e-4,0.038307787550814404
NA,NA,NA,NA,NA
0.004057442437653895,0.0037955865066505307,0.00427306713648746,1.7295891199161148e-4,0.053084647605887894
NA,NA,NA,NA,NA
NA,NA,NA,NA,NA
0.002737117456786794,0.002469249272386492,0.003133791726115107,2.3156503148085079e-4,0.03671729940617456
0.0022002966883505797,0.0020320012946835587,0.002367923686621663,1.163061193358154e-4,0.0279646763314184
0.0022210426362315795,0.0020534520706365273,0.002445034050888779,1.4493750058012302e-4,0.028395295827385248
NA,NA,NA,NA,NA
0.0028977009442502887,0.002521324954378854,0.0034259251408934937,3.162742546250443e-4,0.03654679409607096
NA,NA,NA,NA,NA
NA,NA,NA,NA,NA
NA,NA,NA,NA,NA
0.0017868906677478461,0.0015821823499103525,0.0020981596938309485,1.8986535395150477e-4,0.02254820937938609
NA,NA,NA,NA,NA
0.002682930649635138,0.0024683916126917067,0.0029398913170097913,1.916082632479739e-4,0.034886766934376104
0.003435661981493959,0.003030652408749068,0.003993010633231964,2.985683240794907e-4,0.04242484915375099
0.00327619469955663,0.002993830488678736,0.003698055978845402,2.5185906363862096e-4,0.041048863502583875
0.002831931236654862,0.0025984100703608506,0.0032932105037200496,2.6645414859663864e-4,0.035405200648243505
NA,NA,NA,NA,NA
0.0021248290932383107,0.0019783695376847507,0.0025021629649697604,1.878404033767135e-4,0.02705859364923687
0.002366683785545435,0.0021653467212695613,0.002554141366070852,1.3772226470607686e-4,0.03075069851063975
0.0035939925605039027,0.00315095408606347,0.0039816137109749935,3.616385424530052e-4,0.045667187988218956
NA,NA,NA,NA,NA
0.0030534843670423895,0.0027937825119556,0.0035241454785387115,2.569473882268689e-4,0.03862078126658549
0.002456512265409731,0.0022246690056794945,0.0029406726987113623,2.6233036706355833e-4,0.03252969239465544
NA,NA,NA,NA,NA
0.0028310477548456055,0.002635236073099935,0.0031872784005547126,1.9048778144619346e-4,0.036677302997452525
NA,NA,NA,NA,NA
0.0026445004111439966,0.0023787351902573787,0.003098261291536936,2.546000233830054e-4,0.03378478062100292
NA,NA,NA,NA,NA
0.003968714711378145,0.003637936025228589,0.004438868161369266,3.076687600909231e-4,0.051193118038229075
NA,NA,NA,NA,NA
NA,NA,NA,NA,NA
NA,NA,NA,NA,NA
NA,NA,NA,NA,NA
0.0048206794058752115,0.0044137138580463515,0.005269698335898655,2.6216358216393353e-4,0.06051568697358654
0.002889361309744393,0.0026783741061930672,0.003325120536191236,2.3044571410409603e-4,0.03679950556448858
0.004721559437053621,0.0043331827287107,0.005084426751001652,2.5167533020134747e-4,0.06126941138893739
NA,NA,NA,NA,NA
0.003623694494272721,0.003288956447826675,0.003922578542030566,2.6173106217819696e-4,0.04601097397666018
NA,NA,NA,NA,NA
NA,NA,NA,NA,NA
NA,NA,NA,NA,NA
NA,NA,NA,NA,NA
0.002927276879314213,0.002657976143014909,0.003144784057248918,1.860485996968434e-4,0.03803272376797607
0.003010731329299505,0.002631121832877248,0.003390425084529889,2.953819822832405e-4,0.037375246770401584
NA,NA,NA,NA,NA
0.0037252925614142895,0.003388798821333749,0.0042376995868481995,3.2110883275105465e-4,0.04600481596733325
0.004094021004133165,0.0036589458896554893,0.004526258217042257,2.9102244459697126e-4,0.05230129114929288
0.00243247431116672,0.0021672432093270506,0.0028561328221016428,2.3814879662085794e-4,0.0304405318631866
0.0030473479013989023,0.0028232053128969953,0.0034656771477352653,2.3153308211164205e-4,0.0388685977331822
0.003279132293283375,0.0030633855044620495,0.0034917613014056217,1.5056700253562855e-4,0.041902078912247905
0.0030443474549908182,0.002799087828457087,0.0033130566396453675,2.0174704087610557e-4,0.039431132342923586
0.002914399795690062,0.0025971233193917177,0.0032393829557023223,2.4781483741176033e-4,0.036889461495339566
NA,NA,NA,NA,NA
0.0032092910318327578,0.002987691606961488,0.003589221510760251,2.0153005254905192e-4,0.04105202875883588
0.0037607738182502976,0.003522766795604109,0.004009277378191226,1.8970679073341095e-4,0.050356759613315975
0.0037524100583166717,0.0034737999452391986,0.004319860311094665,3.0038517350477e-4,0.04678599593896096
0.002166510630377194,0.001933389401165115,0.002501242208876796,2.1625749212300557e-4,0.027485020251651105
NA,NA,NA,NA,NA
0.002528592475897226,0.002213754785614644,0.002872246496247283,2.3852908195215404e-4,0.0327928228811904
0.0036900012821385717,0.003342142143457149,0.004192252764810934,2.931927594720162e-4,0.04703615536715524
0.0025990697666375766,0.0023453123791820018,0.00288840712220659,2.1869924907675086e-4,0.03319186614242189
0.0017716277950340265,0.0016709144445142654,0.0018865683344231447,8.534059063721187e-5,0.0226622689089533
NA,NA,NA,NA,NA
NA,NA,NA,NA,NA
0.003570262445740318,0.0031403778732601436,0.0040044385191129435,3.6310666135029357e-4,0.04536432067309195
0.002425725871590983,0.002219249426702048,0.002591291479672435,1.4621484890666958e-4,0.03174184982512645
NA,NA,NA,NA,NA
0.003737863545141457,0.003445334515042651,0.004204984731335713,2.6616628847000903e-4,0.048015270675667125
0.003121813797989242,0.0027561295470560753,0.0036890012932690986,2.9227756712403515e-4,0.03977611078705721
0.00258017461730103,0.002329984840986029,0.002804245714166551,1.8564004091554292e-4,0.03388392799461266
0.00432539802708203,0.0038466328310482766,0.004756183513519495,3.6410727345426397e-4,0.05477067429483993
0.002291391907008302,0.0020826719636091117,0.00257043388010015,1.6870972519977535e-4,0.029413236703112154
0.0035672238769216295,0.00325276463655803,0.0037934015449132027,1.9314922130634978e-4,0.04708152980950247
NA,NA,NA,NA,NA
NA,NA,NA,NA,NA
NA,NA,NA,NA,NA
0.002298360199966024,0.002089116126239536,0.002575647994115791,1.6403200920688606e-4,0.02946833919525865
0.0022081644342734717,0.0019808556976403336,0.0024564667972814627,1.9034788426971076e-4,0.028459814259128326
0.0026044446008922327,0.002350585667196543,0.0029861486536936193,2.4116959940829457e-4,0.03270151699640422
NA,NA,NA,NA,NA
NA,NA,NA,NA,NA
NA,NA,NA,NA,NA
0.004481273287997623,0.004021798842555201,0.0049516646443471405,3.4832302568760747e-4,0.056417761704082914
0.004198945735078232,0.003916040185697939,0.0045725751755256875,2.3581014536365805e-4,0.05261051393311226
NA,NA,NA,NA,NA
NA,NA,NA,NA,NA
NA,NA,NA,NA,NA
0.0036136561188094135,0.0032142511158436277,0.004000968939286193,2.9583119265330334e-4,0.04615886070059001
0.003526475278720642,0.0031965458341423588,0.003937720240285927,2.739021298717008e-4,0.04477825946049235
0.003034177048022694,0.0026743173244097775,0.003350614327859101,2.8100235595607975e-4,0.03996561695389536
NA,NA,NA,NA,NA
0.002351097118995985,0.0021442090804201152,0.0027175181402843787,1.959499948131083e-4,0.030230283388172095
NA,NA,NA,NA,NA
0.0034414299541328497,0.0030616803350205918,0.0037444150467254044,2.5916813586271967e-4,0.04491778597417931
0.0018180353463516643,0.0016423617716142525,0.0021003026549420273,1.5988392714940175e-4,0.023780303958573553
0.0036945000424937952,0.003473654732849759,0.003931407715405016,1.6844933215747482e-4,0.04811585524222112
0.0025055847296302867,0.002283775429813004,0.0029042899702540217,2.2761523507410544e-4,0.03182321166700675
0.0033850018290624024,0.003100925287459105,0.003682203705409073,2.1538965018779612e-4,0.04349157865863421
0.003300889372338586,0.003096590731005007,0.003488924854694857,1.5755617670866175e-4,0.0432324057356506
0.0043390270505277535,0.004148429217518802,0.0047030438019518735,2.1056792195990536e-4,0.05623090357310397
0.001653658024733051,0.001538809826495687,0.0018213379489469728,1.049793780407483e-4,0.02156617846268474
0.003679726740473227,0.003453331126758868,0.004121041569727964,2.2135370241785165e-4,0.04768320470534428
0.0028993545038526938,0.0026680479500534116,0.003074294909318055,1.5759122352399475e-4,0.0380512664659369
0.0033642637713552194,0.0030397161511016846,0.003963591904367778,3.1374111861308754e-4,0.04257085106525225
NA,NA,NA,NA,NA
NA,NA,NA,NA,NA
0.0033524172447581568,0.003112303243464117,0.003747886454372835,2.0739923090886385e-4,0.043433941690027233
0.002683772359586415,0.0024246760843528612,0.0030337119066763574,2.212234572561978e-4,0.03440102204607389
0.004351459300898686,0.0039047659196605154,0.004808063658314098,3.2998402044944657e-4,0.054417984892192656
NA,NA,NA,NA,NA
NA,NA,NA,NA,NA
NA,NA,NA,NA,NA
0.0027782485793403484,0.0026325686672478395,0.003043230399977778,1.4562707207800535e-4,0.03523925091354733
NA,NA,NA,NA,NA
0.0037412661266714173,0.003477165246047622,0.004096585952317548,2.3233801540460566e-4,0.04649777716616445
0.003921449494862026,0.0036889737187216,0.00434385554570844,2.0446217863287426e-4,0.05032525689596162
0.004465693349801716,0.004025414947574885,0.005091052399277449,3.3023988623798916e-4,0.05678632995181603
0.003116816013698626,0.0028719902803288236,0.003329527451158772,1.704857722675406e-4,0.040815190925587476
0.0026899890924446668,0.002418457480334709,0.002957991148708331,2.019399163997657e-4,0.03663276366024377
0.003708271873644948,0.0033039902797104546,0.004190639630831301,3.185224312130157e-4,0.047545128386511086
0.0018040562363814629,0.0016530164537619547,0.0020200687242631125,1.4070037672888139e-4,0.0227961646209984
0.003299700884238707,0.003007150254387989,0.003689598741151811,2.5285622613465395e-4,0.041927609776331635
NA,NA,NA,NA,NA
0.003447447233058221,0.0031330360335898684,0.0037583557648628555,2.3274469230392925e-4,0.04291471965659807
0.0032190265015978737,0.0030407270711595136,0.0034464891619174066,1.5572782765124757e-4,0.041716357449120056
0.0023717797914658955,0.0020710602832729017,0.002695814062551369,2.3850825181595954e-4,0.031165259089133524
NA,NA,NA,NA,NA
0.004123486956975963,0.0037815492676631425,0.0046216187245693595,2.989577710780309e-4,0.05213584717880908
0.002715710544629792,0.0025204769047578483,0.002896017945659689,1.4956114944214097e-4,0.03564100972657257
0.0013500223743957358,0.00116952475214562,0.001628404419538967,1.6187254055784339e-4,0.01711310216967276
0.004778395805736132,0.004410455554257322,0.005092540167696397,2.659204188358652e-4,0.06028286349881374
NA,NA,NA,NA,NA
0.0036804789721181634,0.0034134265225742094,0.003982305936664557,1.969998411298632e-4,0.04646848057690422
0.002139594599433357,0.0019255885750089552,0.002473331431229982,2.0874358000436426e-4,0.026898657632990836
0.0025986956621867384,0.0023485398778189336,0.0028055728568849654,1.7948568875483749e-4,0.034655906489679214
NA,NA,NA,NA,NA
0.0028634227513033533,0.00261282260318548,0.0031589815367441586,1.7251879270321246e-4,0.03695899057134937
NA,NA,NA,NA,NA
0.0034233863335037676,0.003123332451922527,0.003908357172023222,2.723508373004917e-4,0.04364451312708257
NA,NA,NA,NA,NA
0.0032384860669181265,0.0030293659930979515,0.003569267494409167,2.055829351754248e-4,0.042061204658490295
0.003934572287387803,0.003593093182328453,0.004305180400602983,2.638177267422293e-4,0.04831243252417711
0.002421155721008241,0.002166957579011093,0.002723736932324172,2.1227483443911146e-4,0.02996060342822684
NA,NA,NA,NA,NA
0.0020052946965765806,0.0018163656378810211,0.0021838552485388294,1.538472950385394e-4,0.025559040116076542
NA,NA,NA,NA,NA
NA,NA,NA,NA,NA
0.003106163132019665,0.0027738064712512552,0.0037774466382477032,3.618844162153356e-4,0.037818304766433004
0.004423036420968328,0.004058101608960477,0.0049235123953059404,3.0609906099847976e-4,0.05607133300276921
0.0022173014629227605,0.0019987901721073105,0.0024802706777717408,1.817329950274005e-4,0.02742098414731582
NA,NA,NA,NA,NA
0.0027945606353404146,0.002542689246749704,0.003159524849092589,2.1313589300361654e-4,0.03536599322564916
0.0022531295409396637,0.0020327817897616302,0.002482696271571328,1.6150347247283417e-4,0.02929628016841148
0.0025301633171311735,0.00229528240132876,0.0030478279685408455,2.724586410656777e-4,0.033015827452360834
0.0030715057575638927,0.002825792293740528,0.003340748688038626,1.6048597426942298e-4,0.04031022543526198
NA,NA,NA,NA,NA
NA,NA,NA,NA,NA
NA,NA,NA,NA,NA
NA,NA,NA,NA,NA
NA,NA,NA,NA,NA
NA,NA,NA,NA,NA
NA,NA,NA,NA,NA
NA,NA,NA,NA,NA
NA,NA,NA,NA,NA
0.003737955997633864,0.003417880929016023,0.004201611055037504,2.810819762632338e-4,0.045928460491759374
0.0030520020354670094,0.0028391459667245684,0.0032307801142699767,1.366101754747019e-4,0.04037175901652701
NA,NA,NA,NA,NA
0.00400555566804297,0.003777115122482781,0.004234223227075073,1.622066677645161e-4,0.051034432772497376
NA,NA,NA,NA,NA
NA,NA,NA,NA,NA
NA,NA,NA,NA,NA
NA,NA,NA,NA,NA
0.0022640241526999173,0.0021385288128971474,0.0024870581234444898,1.2897211866226557e-4,0.02889802958202904
NA,NA,NA,NA,NA
0.0017327163385564201,0.001554210847509099,0.0018998652626258034,1.3128933561741093e-4,0.021623428427168252
0.0035317511307337416,0.0031210372880610964,0.0038882931973265806,3.29550864621592e-4,0.044713513856993674
0.003570217557641095,0.003334059736940096,0.003831720915902675,1.8477340707676067e-4,0.045392018521832785
NA,NA,NA,NA,NA
0.002970039354764364,0.002660218532998962,0.003228205394005712,2.076559618844004e-4,0.036766052940669404
NA,NA,NA,NA,NA
NA,NA,NA,NA,NA
NA,NA,NA,NA,NA
0.0037816448092350945,0.0034577723709607695,0.004138670723893106,2.2529223383828376e-4,0.04826489409349155
NA,NA,NA,NA,NA
0.0017126569523332582,0.0016216374571197485,0.0020091287647071637,1.3476576270749383e-4,0.022697308951383128
NA,NA,NA,NA,NA
0.0029553222899994175,0.002632236277655193,0.0033367455213541464,2.3812110663249566e-4,0.04047145189284229
0.003425343290648597,0.0031323419892547747,0.003715528659164958,2.2194481728828825e-4,0.04376832874093663
NA,NA,NA,NA,NA
0.0018160801378966703,0.0016187994094476112,0.0020468537807289407,1.6475677848375368e-4,0.02304389574872506
NA,NA,NA,NA,NA
NA,NA,NA,NA,NA
0.002572482301462063,0.002403963768245891,0.002769678970144645,1.2615927272145535e-4,0.0326504384515696
NA,NA,NA,NA,NA
0.00335741806807704,0.003129295553011649,0.003721523686637191,2.2313642629219878e-4,0.041879770124357174
NA,NA,NA,NA,NA
NA,NA,NA,NA,NA
0.0022210018980181254,0.0020475996359083774,0.0024217743497891896,1.4540393783811723e-4,0.027697441753635605
0.003051293079243056,0.0027868528457162234,0.003403307086656759,2.0856025914676974e-4,0.039735779079699524
0.0040266280844607726,0.003689796867559924,0.0043977819289791,2.5363114278693206e-4,0.05179760710975603
NA,NA,NA,NA,NA
0.0029865778976593677,0.0027204694646601967,0.0032581764045967365,1.8938309821239644e-4,0.03892143927915163
0.0037272711784837216,0.003419539068876781,0.004200070643545771,2.8437524598551474e-4,0.04766942107645038
NA,NA,NA,NA,NA
0.004508504993267522,0.004269447386109293,0.0046460659649897535,1.1097609306983011e-4,0.058692618674370756
NA,NA,NA,NA,NA
NA,NA,NA,NA,NA
0.0028497461994221275,0.0026984752584439434,0.0031137319337388916,1.571853816675536e-4,0.03769731789565108
NA,NA,NA,NA,NA
NA,NA,NA,NA,NA
NA,NA,NA,NA,NA
0.003372840786821622,0.00308127759521784,0.0037674176066458632,2.3751575236312833e-4,0.042934347978148435
0.002979958328571555,0.0026902127239922203,0.003269904839324027,2.4361281235644216e-4,0.037999124190771956
0.004003111783823866,0.003710350287268909,0.004345303677355108,2.370135228319892e-4,0.05253770265006451
0.0035719249455125747,0.0031966417762465107,0.004048976043544162,2.9390982292736527e-4,0.04502749364078015
0.003610461017045874,0.0033037246416866566,0.003930452056779851,2.161866720582e-4,0.04722262703975731
NA,NA,NA,NA,NA
NA,NA,NA,NA,NA
0.0025365766540659906,0.00237498438486011,0.002886185648049927,1.846915942922201e-4,0.03274853326846328
0.003424117783529117,0.0031288476377119715,0.003766139550756109,2.3521776085741597e-4,0.042602828112785276
0.0041408977149072004,0.003935964524211975,0.004650264918339881,2.3919469124576478e-4,0.052506900895826464
0.003440787122039336,0.003124574450175523,0.0037424080839830003,2.325357769457205e-4,0.04438146882022253
NA,NA,NA,NA,NA
0.0024776095553417357,0.002197684755544893,0.0027262791470678035,2.2161499553307448e-4,0.031163993915595316
0.004196348633442693,0.0038672222065047144,0.004565552840138236,2.2906004052788842e-4,0.05488150403308123
0.0034688664816532257,0.003154754915560753,0.0037264319920551963,2.0135593808617548e-4,0.044142754685333865
0.0025278413488065868,0.0022592343615246134,0.002761425508575772,2.1545204501068518e-4,0.03326082385268017
0.0032568382895747858,0.002974648104354558,0.0036289062740643956,2.1745628128415584e-4,0.042848273790316214
0.003942614424117468,0.003483833598357202,0.004271825909298208,2.622253813499353e-4,0.048344289523645015
NA,NA,NA,NA,NA
0.002204241484343246,0.002001049015484957,0.002520348188755564,1.738916480119425e-4,0.029548922502886918
NA,NA,NA,NA,NA
0.004837499664313583,0.004437260482792642,0.005177959442051284,2.317978906203346e-4,0.06330317649296555
0.0034194417465197384,0.0031484112376009552,0.003611694968686047,1.7709221151046326e-4,0.04384893919829847
0.003562484185274883,0.00330065230467833,0.003841409351683614,1.6627950604848813e-4,0.04571798014139687
NA,NA,NA,NA,NA
0.002212262697966694,0.0020552156114402,0.002424494131519058,1.2802745243528134e-4,0.028552728989436584
0.002240408973970585,0.001978724269097496,0.0026096561645585726,2.1556943181575986e-4,0.027697566959381387
0.002732326737767287,0.0024258175344132886,0.0030613825103894847,2.0198563712221548e-4,0.03619282706111692
0.003574007765446827,0.0032264479509921686,0.0039033443521262587,2.9031078987019665e-4,0.044255365154117654
0.0036015500317394663,0.0032596268693073833,0.004018169453472122,2.902454869384596e-4,0.04585548361785564
NA,NA,NA,NA,NA
0.0038088875406869413,0.003514673866247673,0.004162873034386372,2.3720281145781739e-4,0.051305386785425046
0.004204702403210565,0.0038021386049317636,0.00477125209002434,3.2961278157838666e-4,0.05217485968893664
NA,NA,NA,NA,NA
NA,NA,NA,NA,NA
NA,NA,NA,NA,NA
0.002982571053503216,0.002688245217537243,0.003315433782341341,2.5159186536395905e-4,0.0396124411710924
0.0031727605758029047,0.0027986242762509475,0.0035387374831500553,3.110571514521453e-4,0.040125172595420346
NA,NA,NA,NA,NA
NA,NA,NA,NA,NA
0.004193540019384828,0.0038321607895703295,0.004560201892423299,3.048700346731496e-4,0.05339483160202365
0.0035400112985030834,0.0032834823815925027,0.003750359924254383,1.823244081548439e-4,0.04410122172669107
0.0045747285670045485,0.004219807932623027,0.004969321228465595,2.77633836174463e-4,0.057296664685263066
0.004103876911194972,0.003723228737243429,0.0047421399907130995,3.452149385434551e-4,0.05337877534000544
0.002625209408540079,0.002348045067545409,0.002877208399180905,2.221096949112602e-4,0.03280682463512269
NA,NA,NA,NA,NA
0.003220333912932996,0.002864168767411512,0.00347655265292502,2.378131363781026e-4,0.040387578710647784
NA,NA,NA,NA,NA
0.0028195505344817033,0.0025894832887313583,0.0030890694064332567,1.74220193861962e-4,0.03629940276525215
NA,NA,NA,NA,NA
NA,NA,NA,NA,NA
NA,NA,NA,NA,NA
0.00235416548109817,0.002136806194193123,0.0026357115282405236,1.7568841143188519e-4,0.03017607705521325
0.0030517135302569162,0.0027604679178688417,0.0033626147865544512,2.33584665171087e-4,0.03912231566808513
NA,NA,NA,NA,NA
0.004278082040842948,0.004019491756766113,0.004636309977825064,2.2764340817362167e-4,0.05196194551345258
NA,NA,NA,NA,NA
0.0036959294223743947,0.003414648868122261,0.004002013759679121,1.8087837923132016e-4,0.048308232378969584
0.0022303513336610794,0.0020267053725307503,0.0026255216830885085,2.2478321258794518e-4,0.02802374630928206
0.0034034303797462074,0.0031904559392470465,0.003787179578156112,2.046003426343541e-4,0.04505812384765095
0.0023600532702567896,0.0021098763645506333,0.002637777149096809,1.950659974750006e-4,0.03093805592246758
NA,NA,NA,NA,NA
NA,NA,NA,NA,NA
0.0036713014160083485,0.0033621345983746746,0.0041297037562312774,0.00025632783543264324,0.04890720038731422
NA,NA,NA,NA,NA
0.003570825960941108,0.003346285849862931,0.0037693246697385508,1.4809098297273243e-4,0.047291458334485836
0.002978999028786063,0.002783015702922971,0.0031934306824237552,1.3999523100089668e-4,0.03818625708178665
NA,NA,NA,NA,NA
NA,NA,NA,NA,NA
NA,NA,NA,NA,NA
