Stratum,ACE,Deviation_pct
Low,-2.7631648162009794e-4,79.41320436525604
Mid,-2.1266521838556623e-4,84.15550399363725
High,-1.1804396197334601e-4,91.20520460157739
Global,-0.0013422024802818928,0
