Sample,Mean_HbA1c
Full,5.669380964788495
Common Support,5.634131225421403
