"Method","Mean_Causal_ACE","Mean_Obs_Slope","Slope_Inflation_pct"
"Gaussian Copulas",0.00284821490954616,0.0085156157530172,198.980794093003
"Generic Copulas",-0.00134220248028189,0.000459766022418613,134.254604907052
"Empirical Copulas",0,-3.95697674433166e-11,-39.5697674433166
