Specification,Mean_HbA1c
Full Sample,5.669380964788495
Drop Top-coded,5.680328658371487
Jitter Top-coded,5.669380964788495
