Adjustment,Mean_ACE,Mean_Std_ACE,Mean_Bias,Bias_vs_C1_pct
C1 only (Frank/t/Gaussian),-0.0013422024802818928,-0.017153963775579685,0.09174,0
C2 only,8.303303360075228e-4,0.010612002819907254,0.19546,161.9
C1+C2 (Vine SEM),0.0010694917964694094,0.013668596060903428,0.24556,179.7
