"age_cat","HEI_mean"
"20-39",50.6877027874657
"40-59",52.2073100898883
"60-79",55.6676756226183
NA,49.4948608559618
