"X_high","Y","C2","n"
"High",5.7150135678956,28.3296373150772,1014
"Low",5.65038463473018,30.643475124573,2241
