"Adjustment","Mean_ACE","Mean_Std_ACE","Mean_Bias","Bias_vs_C1_pct"
"C1 only (Frank/t/Gaussian)",-0.00134220248028189,-0.0171539637755797,0.09174,0
"C2 only",0.000830330336007523,0.0106120028199073,0.19546,161.9
"C1+C2 (Vine SEM)",0.00106949179646941,0.0136685960609034,0.24556,179.7
