X_Quantile,X_Value,Q25_Int,Q50_Int,Q75_Int,Q25_Obs,Q50_Obs,Q75_Obs
25%,42.406,5.15859623342165,5.411947220529236,5.750246843516665,5.1513217245412974,5.397084189194497,5.7132128652270415
50%,52.02,5.159691591841175,5.413382521190031,5.751908603797072,5.1596419248160705,5.413108793893151,5.751032993993017
75%,62.041,5.160787186847788,5.4148152262805445,5.753564093200819,5.169580326773623,5.433894046323673,5.796396218005508
