Variable,N,Mean,SD,W_Mean,W_SD
HbA1c (Y),3581,5.858447361072326,1.0945340284691805,5.671273110103531,0.9071365337554029
Diet Score (X),3581,17.827456536667764,0.27332595449635994,17.81628560083701,0.23683438305724697
Income Ratio (C1),3581,2.616822116727171,1.6115712721676558,3.1459368062444435,1.6249581973437035
BMI (C2),3581,29.93409662105557,7.116642443281951,29.847997840525498,6.982420735410989
