Method,Mean_Causal_ACE,Mean_Obs_Slope,Slope_Inflation_pct
Gaussian Copulas,0.002848214909546158,0.008515615753017201,198.98079409300288
Generic Copulas,-0.0013422024802818928,4.5976602241861266e-4,134.2546049070522
Empirical Copulas,0,-3.9569767443316644e-11,-39.56976744331664
