Component,Variance,Percentage
Total,1.174536648737652,100
Causal (X→Y),0.0014207902706119737,0.1209660228260213
Residual (Confounding + Noise),1.17311585846704,99.87903397717398
